Device,C1,,Device,C2,,Device,C3,,Device,C4,,Device,C5,,Device,C6,
V [V] ,I [A],P [W],V [V] ,I [A],P [W],V [V] ,I [A],P [W],V [V] ,I [A],P [W],V [V] ,I [A],P [W],V [V] ,I [A],P [W]
0.000600815,0.05006769,3.01E-05,0.000541687,0.0497905,2.70E-05,0.00053215,0.04986811,2.65E-05,0.000534058,0.05088902,2.72E-05,0.00053215,0.0502166,2.67E-05,0.000494003,0.05084419,2.51E-05
0.01964188,0.0501955,0.000985934,0.01958656,0.04982868,0.000975972,0.0195713,0.0492256,0.000963409,0.01954079,0.05070038,0.000990725,0.01954079,0.05027761,0.000982464,0.01952553,0.05077481,0.000991405
0.038184357,0.050108098,0.001913346,0.038135527,0.049899428,0.001902941,0.038119886,0.049417942,0.001883806,0.038101198,0.05073346,0.001933006,0.03810196,0.050307574,0.001916817,0.038082885,0.050752874,0.001932816
0.057009888,0.050128084,0.002857796,0.056962966,0.049892628,0.002842032,0.05694885,0.049359332,0.002810957,0.056923296,0.050740424,0.002888312,0.05692482,0.05035467,0.002866431,0.05690956,0.050769418,0.002889265
0.075839232,0.050127938,0.003801664,0.075796514,0.049869406,0.003779927,0.07577895,0.04938596,0.003742416,0.075756078,0.05072194,0.003842495,0.075756082,0.050387946,0.003817193,0.075743474,0.050791008,0.003847087
0.09466629,0.050141676,0.004746726,0.094616328,0.04986656,0.004718191,0.094598758,0.049424428,0.00467549,0.094586178,0.050726526,0.004798028,0.09458619,0.05037995,0.004765248,0.094564048,0.050810256,0.004804823
0.113493338,0.05014013,0.005690571,0.11344225,0.04985666,0.005655852,0.113429242,0.049464774,0.005610752,0.113410182,0.050697308,0.005749591,0.113411712,0.050381674,0.005713872,0.113387286,0.050806912,0.005760858
0.132249054,0.050121868,0.00662857,0.132202936,0.049856156,0.00659113,0.132190694,0.049432302,0.00653449,0.13216743,0.05068576,0.006699007,0.13216629,0.050347368,0.006654225,0.132147976,0.050758942,0.006707691
0.15100286,0.050125388,0.007569077,0.15096094,0.049854864,0.007526137,0.15094146,0.049403784,0.007457079,0.15092086,0.050664198,0.007646284,0.15091744,0.050296392,0.007590603,0.15090408,0.050656366,0.007644252
0.16969144,0.050049878,0.008493036,0.16964914,0.049884196,0.008462811,0.16962968,0.049429972,0.00838479,0.16961172,0.050711362,0.008601241,0.16960906,0.050275858,0.008527241,0.16959534,0.050645938,0.008589315
0.18849638,0.05003138,0.009430734,0.18845826,0.04986512,0.009397494,0.18844262,0.049426274,0.009314017,0.1884159,0.05069219,0.009551215,0.18841666,0.05028054,0.009473691,0.1884018,0.050728438,0.009557329
0.2073162,0.050065568,0.010379403,0.2072792,0.049873912,0.010337825,0.20725938,0.049465262,0.01025214,0.20723494,0.050684708,0.010503642,0.20723038,0.050266556,0.010416758,0.20721666,0.050794906,0.010525551
0.22612914,0.050108408,0.011330971,0.22608946,0.049899876,0.011281836,0.22606506,0.04945906,0.011180965,0.2260494,0.05066993,0.011453907,0.2260395,0.050243326,0.011356976,0.22602578,0.050790764,0.011480022
0.24495316,0.050121736,0.012277478,0.24490966,0.049908746,0.012223134,0.24489478,0.04947586,0.01211638,0.24487378,0.050637964,0.01239991,0.24486694,0.050219762,0.012297159,0.24485208,0.050870666,0.012455788
0.26370316,0.050173764,0.01323098,0.26365814,0.049912702,0.01315989,0.26364858,0.049482998,0.013046122,0.26362264,0.05062487,0.013345862,0.26361886,0.050193436,0.013231936,0.26360284,0.05084145,0.013401951
0.28246306,0.050174914,0.01417256,0.28241844,0.04985822,0.014080881,0.28240164,0.049500522,0.013979029,0.28238256,0.050618788,0.014293863,0.28237344,0.050203638,0.014176174,0.28235894,0.050748254,0.014329223
0.3012226,0.050133136,0.015101234,0.30117646,0.049820874,0.015004874,0.30116042,0.049457808,0.014894734,0.30114402,0.050654152,0.015254195,0.30113298,0.050179486,0.015110698,0.3011219,0.050693788,0.01526501
0.320055,0.050048074,0.016018136,0.32000658,0.049843376,0.015950208,0.31999474,0.04943013,0.015817382,0.31997146,0.050664632,0.016211236,0.31996576,0.050164966,0.016051071,0.31995774,0.050662138,0.016209743
0.3388748,0.050021058,0.016950876,0.3388283,0.049870962,0.016897693,0.33881112,0.04937704,0.01672949,0.33879356,0.0506647,0.017164874,0.33878708,0.050192046,0.017004417,0.33877144,0.050642252,0.017156149
0.35767478,0.05002903,0.017894122,0.35763056,0.049918284,0.017852304,0.35761262,0.049380476,0.017659081,0.3575962,0.05061666,0.018100325,0.35758246,0.050161588,0.017936904,0.35756532,0.050686446,0.018123715
0.37649726,0.050022966,0.01883351,0.37645038,0.049934578,0.018797891,0.37643396,0.049450312,0.018614777,0.376416,0.050582262,0.019039973,0.3763977,0.050092924,0.018854861,0.37638818,0.050697208,0.01908183
0.3952423,0.050049814,0.019781804,0.39519008,0.049964244,0.019745374,0.39518166,0.049464838,0.019547597,0.39515608,0.050569176,0.019982717,0.39514426,0.050074826,0.01978678,0.39513132,0.050744066,0.02005057
0.41399078,0.050077474,0.020731613,0.41394084,0.04992068,0.020664208,0.41393318,0.04949926,0.020489386,0.4139099,0.050596806,0.020942519,0.41390114,0.050086122,0.020730703,0.41387902,0.050771746,0.02101336
0.43273774,0.050070922,0.021667578,0.43269008,0.04991468,0.021597587,0.43268356,0.049516128,0.021424815,0.43266066,0.050589856,0.02188824,0.43265192,0.050065126,0.021660773,0.43263016,0.05080076,0.021977941
0.45157662,0.050062128,0.022606887,0.45152246,0.049836746,0.02250241,0.45151672,0.049488814,0.022345027,0.45149154,0.05059314,0.022842375,0.45148586,0.050085156,0.02261274,0.45146942,0.0507793,0.022925301
0.47039948,0.050047534,0.023542334,0.47034454,0.049863928,0.023453226,0.4703453,0.049417512,0.023243295,0.47031478,0.050632012,0.023812984,0.4703133,0.050105344,0.02356521,0.47029076,0.050823086,0.023901628
0.4891529,0.05000298,0.024459103,0.48910712,0.049877068,0.024395229,0.48909492,0.049383812,0.024153372,0.48907508,0.050651282,0.02477228,0.48907092,0.05012053,0.024512494,0.48904724,0.050780388,0.024834009
0.50798072,0.050002646,0.02540038,0.50793456,0.049906838,0.025349408,0.5079174,0.049381684,0.025081817,0.50790214,0.050639614,0.025719968,0.50789378,0.050140706,0.025466153,0.50787468,0.050806036,0.025803099
0.5268131,0.050022734,0.026352632,0.52676008,0.049848014,0.026257944,0.52674256,0.049373896,0.026007332,0.52672654,0.050624308,0.026665167,0.52671626,0.050161696,0.026420981,0.52670288,0.05077826,0.026745056
0.54561994,0.050007138,0.027284892,0.54557266,0.049851314,0.027197514,0.5455494,0.049385414,0.026942183,0.54553414,0.050618102,0.027613903,0.54553148,0.050147566,0.027357076,0.54550704,0.050773948,0.027697546
0.56436194,0.049995,0.028215275,0.56431542,0.049901988,0.028160461,0.56428566,0.04940186,0.027876761,0.56427614,0.05058305,0.028542808,0.56427612,0.050113048,0.028277596,0.56424712,0.050712958,0.02861464
0.58319626,0.050012932,0.029167355,0.58314134,0.049910638,0.029104956,0.58312188,0.04937653,0.028792535,0.5831051,0.050557272,0.029480203,0.5831028,0.050114616,0.029221973,0.58307838,0.050721712,0.029574734
0.60202218,0.050024414,0.030115807,0.60197336,0.04990599,0.030042076,0.60195656,0.04936074,0.029713021,0.60193062,0.050523292,0.030411516,0.60193062,0.05011328,0.030164718,0.60190506,0.050785666,0.030568149
0.62069476,0.04998582,0.031025937,0.62065164,0.049943952,0.030997796,0.62063598,0.049356292,0.030632291,0.6206089,0.05053192,0.031360559,0.62060622,0.050088464,0.031085212,0.62058296,0.050826398,0.031541997
0.63945506,0.049974576,0.031956495,0.63941078,0.049974576,0.031954283,0.63939742,0.049347416,0.03155261,0.63937492,0.050526626,0.032305457,0.63935966,0.050083598,0.032021432,0.63934402,0.05083188,0.032499059
0.65829128,0.049979686,0.032901191,0.65824318,0.049950948,0.032879871,0.6582321,0.049339304,0.032476714,0.65821112,0.050574998,0.033289026,0.65819588,0.050084304,0.032965283,0.65818022,0.050829308,0.033454845
0.67711376,0.04998064,0.033842579,0.67707138,0.049944526,0.033816009,0.67705648,0.049326808,0.033397035,0.6770355,0.05060065,0.034258436,0.67702752,0.050113152,0.033927983,0.67701146,0.050794004,0.034388123
0.69593966,0.049940756,0.034755753,0.695895,0.049893176,0.034720412,0.69587744,0.049320926,0.03432132,0.69586218,0.050592854,0.035205654,0.69584808,0.050092994,0.034857114,0.69583852,0.050757666,0.035319139
0.714777,0.049957284,0.035708318,0.71472702,0.049894598,0.035661017,0.71470602,0.049344252,0.035266634,0.71469382,0.050595154,0.036160044,0.7146782,0.050101308,0.035806313,0.71466406,0.05074959,0.036268908
0.7336094,0.050007174,0.036685733,0.73355522,0.04989694,0.036602161,0.73354224,0.049343312,0.036195404,0.73352394,0.050613028,0.037125868,0.73351288,0.0501008,0.036749582,0.7334957,0.050756722,0.037229837
0.75243682,0.050031472,0.037645522,0.752388,0.049853492,0.037509169,0.75237846,0.049312158,0.037101405,0.75235634,0.050603382,0.038071775,0.75233994,0.050150458,0.037730193,0.75233116,0.05080771,0.038224223
0.77119712,0.050037148,0.038588504,0.77114678,0.04984674,0.038439153,0.7711338,0.049325752,0.038036755,0.77111398,0.05059683,0.039015923,0.77109032,0.050135138,0.03865872,0.77108422,0.050872544,0.039227016
0.7899559,0.050050018,0.039537307,0.78990632,0.049818386,0.039351858,0.7898941,0.049343192,0.038975896,0.78987008,0.050572074,0.039945368,0.78985482,0.050102218,0.039573478,0.78983802,0.050838574,0.040154239
0.8087738,0.050030266,0.040463168,0.80872766,0.049798556,0.04027347,0.8087162,0.049355982,0.039914982,0.80868988,0.050576334,0.040900569,0.80868302,0.050065178,0.040486859,0.80866278,0.050762198,0.0410495
0.82759742,0.049949356,0.041337958,0.82755282,0.04983414,0.041240383,0.82753486,0.049303568,0.040800421,0.82751578,0.050572844,0.041849826,0.82750588,0.050026566,0.041397278,0.82748794,0.05075223,0.041996858
0.84627838,0.049903374,0.042232147,0.8462292,0.049896656,0.042224007,0.8462078,0.049306854,0.041723844,0.84618644,0.050598406,0.042815685,0.84617996,0.049997318,0.042306729,0.84616202,0.050692512,0.042894078
0.86509474,0.049871202,0.043143315,0.86504252,0.049912528,0.043176459,0.86502876,0.049319382,0.042662684,0.86500358,0.05057102,0.043744113,0.86500014,0.049991894,0.043242995,0.86497688,0.05067573,0.043833335
0.88389318,0.049900082,0.044106342,0.883836,0.049867858,0.044075008,0.88382416,0.049282766,0.043557299,0.8838028,0.050622026,0.044739888,0.88379362,0.050023288,0.044210263,0.88377952,0.050684362,0.044793801
0.90264242,0.049944568,0.045082086,0.90258486,0.049856878,0.045000063,0.90256996,0.049264072,0.044464271,0.90255052,0.050614336,0.045681995,0.90254018,0.050026434,0.045150867,0.90252648,0.050773726,0.045824632
0.92138402,0.049991934,0.046061769,0.92133066,0.049835602,0.045915068,0.92131654,0.04928611,0.045408108,0.92128602,0.050621998,0.046637339,0.92128102,0.0500557,0.046115366,0.92126464,0.050793452,0.046794211
0.94020918,0.050013752,0.047023389,0.94015772,0.049763996,0.046786005,0.94014246,0.049298734,0.046347833,0.94011384,0.050604522,0.047574011,0.94011152,0.050015812,0.047020441,0.94009056,0.050784684,0.047742202
0.95903282,0.050025186,0.047975795,0.95898134,0.049724144,0.047684526,0.95896304,0.049292486,0.047269672,0.9589386,0.050599542,0.048521854,0.95893706,0.050001456,0.047948249,0.95891876,0.050713314,0.048629948
0.97786556,0.049981964,0.048875641,0.97781454,0.049798098,0.048693304,0.9777961,0.049335984,0.048240533,0.97777108,0.050584032,0.049459604,0.97777104,0.049956056,0.048845585,0.97774316,0.050660954,0.049533401
0.99669304,0.049966118,0.049800882,0.99664118,0.04983429,0.049666906,0.9966236,0.049328948,0.049162394,0.99660006,0.050520636,0.050348869,0.9965955,0.050002602,0.049832368,0.99656748,0.050655464,0.050481588
1.01552312,0.049931954,0.050707054,1.01546712,0.049807734,0.050578116,1.01544462,0.04935676,0.050119056,1.01542974,0.050556646,0.051336722,1.01542518,0.050040574,0.050812459,1.01540492,0.050673556,0.051454178
1.03427512,0.049946286,0.051658201,1.03421898,0.049833732,0.051538991,1.03419768,0.049331652,0.05101868,1.03418402,0.050531254,0.052258615,1.03418242,0.050047064,0.051757794,1.03415834,0.05071001,0.05244218
1.053008,0.04997277,0.052621727,1.0529548,0.049819018,0.052457174,1.0529336,0.04935842,0.051971139,1.052916,0.0505853,0.053262072,1.0529134,0.05005112,0.052699495,1.0528854,0.050708288,0.053390016
1.0716802,0.049992664,0.053576148,1.0716304,0.049789608,0.053356058,1.0716066,0.049359376,0.052893833,1.0715904,0.05057017,0.054190509,1.0715886,0.050023568,0.053604685,1.0715678,0.050689888,0.054317652
1.0904862,0.049986026,0.054509072,1.0904346,0.04979506,0.054298256,1.090413,0.049345082,0.053806519,1.0903934,0.050659962,0.055239288,1.0903976,0.050001734,0.054521771,1.0903736,0.050710908,0.055293835
1.1093102,0.049971852,0.055434285,1.1092574,0.049819966,0.055263166,1.1092342,0.049313986,0.05470076,1.1092174,0.050579088,0.056103204,1.1092186,0.049972814,0.055430775,1.1091838,0.05075394,0.056295448
1.1281372,0.049930946,0.056328958,1.1280792,0.049845596,0.05622978,1.1280628,0.049316322,0.055631908,1.1280448,0.050585042,0.057062194,1.1280438,0.05001377,0.056417723,1.1280086,0.050725498,0.057218798
1.1469658,0.049905982,0.057240455,1.1469064,0.049848496,0.057171559,1.1468902,0.049265734,0.056502388,1.146878,0.050542754,0.057966373,1.1468762,0.050008236,0.057353256,1.1468398,0.050740402,0.058191112
1.1657944,0.049943986,0.058224419,1.1657384,0.049844692,0.058105872,1.1657196,0.04926213,0.05742583,1.1657078,0.050546792,0.05892279,1.1657032,0.050019622,0.058308033,1.1656638,0.050803542,0.05921985
1.1845544,0.049915036,0.059127076,1.1844972,0.049831638,0.059025436,1.1844746,0.049259004,0.058346039,1.1844616,0.050555298,0.059880809,1.1844608,0.049988008,0.059208836,1.1844214,0.050789934,0.060156685
1.2032988,0.049948012,0.060102383,1.203243,0.049781244,0.059898933,1.2032266,0.049249312,0.059258082,1.203215,0.050561182,0.060835973,1.203217,0.04998315,0.060140576,1.203179,0.050692872,0.060992599
1.2221102,0.04997158,0.061070778,1.2220624,0.049734726,0.060778939,1.2220388,0.049267832,0.060207202,1.2220294,0.050578938,0.061808949,1.2220268,0.049948846,0.061038828,1.2219942,0.050687338,0.061939633
1.2409268,0.0499516,0.061986279,1.2408768,0.049696008,0.061666623,1.2408498,0.049306946,0.061182514,1.2408382,0.050579342,0.06276078,1.24084,0.049942048,0.061970091,1.2408054,0.050738752,0.062956917
1.2596658,0.049824126,0.062761748,1.2596116,0.049663148,0.062556277,1.259586,0.049309588,0.062109667,1.2595724,0.050569754,0.063696266,1.259582,0.049952852,0.062919713,1.2595426,0.050722292,0.063886888
1.2784906,0.049780704,0.063644162,1.2784398,0.049692672,0.06352909,1.2784172,0.049310076,0.063038849,1.2784086,0.050469394,0.064520507,1.2784088,0.049926284,0.063826201,1.2783746,0.050692522,0.064804033
1.2972466,0.049762616,0.064554384,1.2971944,0.04967803,0.064442062,1.2971756,0.049269436,0.06391111,1.297156,0.05049097,0.065494665,1.2971576,0.049911034,0.064742477,1.297125,0.050652556,0.065702697
1.3160592,0.049785926,0.065521226,1.316005,0.04963919,0.065325422,1.3159808,0.049242926,0.064802745,1.315961,0.050393702,0.066316146,1.3159698,0.049915812,0.065687701,1.3159318,0.050677104,0.066687613
1.3348742,0.049796664,0.066472282,1.3348282,0.049635714,0.066255151,1.3348018,0.049263832,0.065757452,1.334785,0.050345474,0.067200384,1.3347908,0.049863362,0.066557157,1.3347554,0.05062375,0.067570324
1.3537088,0.049748718,0.067345277,1.3536598,0.049628256,0.067179775,1.3536396,0.049255394,0.066674052,1.3536258,0.050313608,0.068105798,1.3536244,0.04988395,0.067524132,1.3535954,0.050625034,0.068525813
1.3725366,0.049676948,0.068183429,1.3724792,0.049545016,0.067999504,1.3724628,0.049258264,0.067605135,1.3724484,0.05033568,0.069083123,1.3724484,0.049923294,0.068517145,1.3724172,0.0505493,0.069374729
1.3912954,0.049647226,0.069073957,1.3912388,0.049530876,0.068909276,1.391217,0.049271248,0.068546998,1.3912084,0.050308802,0.069990028,1.3912118,0.04992062,0.069450156,1.3911736,0.050545638,0.070317757
1.4100526,0.049602126,0.069941607,1.4099984,0.049520036,0.069823172,1.409983,0.04924313,0.069431976,1.4099724,0.050323024,0.070954075,1.409969,0.04990228,0.070360668,1.4099336,0.050498762,0.071199901
1.4288158,0.049514808,0.07074754,1.428758,0.049461796,0.070668937,1.4287482,0.04917961,0.070265279,1.4287328,0.050338506,0.071920275,1.428727,0.049921696,0.071324475,1.428698,0.050527742,0.072188884
1.4476444,0.049563982,0.071751021,1.447587,0.049437326,0.07156483,1.4475782,0.049112958,0.071094847,1.4475584,0.050333382,0.07286051,1.4475544,0.049896822,0.072228364,1.4475284,0.050470336,0.073057245
1.4664694,0.049560584,0.07267908,1.466419,0.049369856,0.072396895,1.4664064,0.0490748,0.071963601,1.4663842,0.0503404,0.073818367,1.466383,0.049879948,0.073143108,1.4663614,0.050439262,0.073962187
1.4853034,0.049516876,0.073547584,1.4852498,0.049315636,0.073246039,1.4852398,0.049075158,0.072888378,1.4852154,0.05026756,0.074658154,1.4852168,0.049828596,0.074006268,1.4851946,0.050399612,0.074853232
1.5041324,0.049459922,0.074394271,1.5040764,0.049308266,0.074163399,1.5040704,0.049082416,0.073823409,1.5040452,0.05021177,0.075520772,1.5040466,0.04980637,0.074911101,1.5040236,0.050352366,0.075731147
1.5228246,0.049377106,0.075192672,1.5227692,0.049291578,0.075059697,1.5227636,0.049036018,0.074670263,1.522742,0.050145718,0.076358991,1.5227418,0.049776444,0.075796672,1.5227122,0.050324918,0.076630367
1.5415826,0.049273786,0.075959611,1.5415256,0.049269134,0.075949631,1.5415176,0.049008454,0.075547394,1.5414946,0.05008926,0.077212324,1.5414972,0.049755548,0.076698038,1.5414634,0.050356508,0.077622714
1.5603408,0.049272896,0.07688251,1.5602806,0.049292238,0.076909723,1.5602752,0.048983894,0.076428355,1.5602492,0.05002822,0.07805649,1.5602494,0.049689494,0.077528003,1.5602184,0.050392222,0.078622872
1.5791388,0.049216774,0.077720117,1.5790852,0.049267002,0.077796794,1.5790806,0.04894153,0.077282621,1.5790552,0.049997702,0.078949131,1.5790452,0.04966838,0.078428617,1.5790218,0.050319216,0.079455139
1.5979506,0.04915331,0.078544561,1.597902,0.049180238,0.078585201,1.5978908,0.048863336,0.078078275,1.5978682,0.049997778,0.07988986,1.5978592,0.04966085,0.079351046,1.597835,0.050299696,0.080370615
1.616765,0.049148372,0.079461368,1.6167118,0.04912206,0.079416214,1.6166992,0.048865464,0.079000757,1.616672,0.049922998,0.080709113,1.616669,0.049612966,0.080207744,1.6166476,0.050206986,0.081167003
1.6355798,0.04912341,0.080345257,1.6355304,0.049082672,0.080276202,1.6355158,0.048873716,0.079933735,1.6354908,0.049925798,0.081653183,1.6354864,0.049529474,0.081004781,1.6354678,0.050131074,0.081987757
1.6543916,0.049102122,0.081234138,1.6543498,0.049009424,0.081078731,1.6543342,0.04881753,0.080760509,1.6543118,0.049903198,0.082555449,1.6543052,0.049499606,0.081887456,1.6542858,0.050032002,0.08276723
1.6731492,0.04901292,0.082005928,1.6731062,0.048930564,0.08186603,1.6730864,0.048754816,0.08157102,1.6730608,0.049844038,0.083392106,1.673061,0.049488144,0.082796684,1.6730412,0.050009688,0.083668268
1.6919128,0.04891147,0.082753942,1.6918668,0.048850552,0.082648627,1.6918444,0.048735358,0.082452643,1.6918176,0.049747196,0.084163182,1.691818,0.049410418,0.083593435,1.6918072,0.049975116,0.084548261
1.710738,0.04884775,0.083565702,1.7106996,0.048792488,0.08346929,1.710674,0.048629882,0.083189875,1.7106512,0.049723962,0.085060355,1.7106454,0.049363518,0.084443475,1.7106396,0.04996796,0.085477171
1.7295614,0.048827532,0.084450215,1.7295202,0.04873655,0.084290848,1.7295022,0.048490908,0.083865132,1.7294756,0.049603456,0.085787967,1.7294688,0.049315954,0.085290404,1.7294606,0.049855644,0.086223372
1.7482506,0.048701162,0.085141836,1.7482016,0.048681736,0.085105489,1.7481828,0.048442956,0.084687142,1.7481572,0.049515596,0.086561046,1.7481584,0.049228538,0.086059282,1.7481408,0.049779068,0.08702082
1.7670692,0.048625074,0.085923871,1.7670256,0.048614498,0.085903062,1.767007,0.048378726,0.085485547,1.7669896,0.049476646,0.087424719,1.7669846,0.049117848,0.086790481,1.766964,0.04969854,0.087815531
1.7858796,0.048547564,0.086700104,1.7858398,0.048521102,0.086650915,1.7858238,0.04829594,0.086248039,1.7858052,0.049458184,0.088322682,1.7858056,0.048982002,0.087472333,1.7857782,0.049586234,0.088550016
1.8047078,0.04844691,0.087432516,1.80466,0.048438488,0.087415002,1.8046482,0.048222392,0.087024453,1.8046262,0.049361238,0.089078583,1.8046326,0.048870586,0.088193453,1.8045976,0.04950046,0.089328411
1.82347,0.048261028,0.088002537,1.8234214,0.048337798,0.088140175,1.8234062,0.04816698,0.08782797,1.823386,0.049270564,0.089839257,1.8233906,0.048777116,0.088939735,1.8233556,0.049374602,0.090027457
1.8422792,0.048114016,0.088639451,1.8422396,0.048229672,0.088850612,1.8422252,0.048039486,0.088499552,1.8421998,0.049123742,0.090495748,1.8422028,0.048709246,0.089732309,1.8421722,0.049252942,0.090732401
1.8611052,0.047992598,0.089319274,1.8610622,0.048127268,0.089567839,1.8610468,0.047913744,0.08916972,1.861015,0.048977246,0.091147389,1.8610234,0.048604762,0.090454599,1.860999,0.049143504,0.091456012
1.8799306,0.047864844,0.089982585,1.8798794,0.048009654,0.09025236,1.8798658,0.0477711,0.089803257,1.879834,0.04880505,0.091745392,1.8798432,0.04849189,0.09115715,1.8798176,0.048992784,0.092097498
1.8986768,0.047691182,0.090550141,1.8986302,0.047875508,0.090897885,1.898619,0.047637794,0.090446021,1.8985904,0.048681322,0.092425891,1.8985956,0.048373118,0.091840989,1.8985702,0.04881546,0.092679578
1.9174882,0.047497406,0.091075716,1.9174478,0.0476873,0.091437908,1.9174278,0.047482866,0.091044967,1.917403,0.048548994,0.093087987,1.9174108,0.048191316,0.09240255,1.9173876,0.048717014,0.093409399
1.936311,0.047319524,0.091625315,1.936263,0.047522834,0.092016705,1.9362372,0.047322586,0.091627751,1.9362166,0.048403462,0.093719587,1.9362222,0.04798942,0.09291818,1.9361994,0.048638158,0.094173172
1.955127,0.047126542,0.092138375,1.9550694,0.047389226,0.092649226,1.9550502,0.047170046,0.092219808,1.9550294,0.048251268,0.094332648,1.955031,0.047837566,0.093523924,1.9550096,0.048490656,0.094799698
1.9738316,0.04688574,0.092544555,1.9737666,0.047249524,0.093259532,1.9737502,0.047015772,0.092797389,1.9737298,0.048043574,0.094825034,1.9737244,0.047675786,0.094098862,1.9737082,0.048322824,0.095375154
1.9926636,0.04662795,0.092913819,1.992597,0.047062708,0.093777011,1.9925798,0.046803868,0.093260442,1.992555,0.04783739,0.095318631,1.9925576,0.047485368,0.094617331,1.9925446,0.04807781,0.095797181
2.011483,0.046405432,0.093343738,2.011418,0.046910194,0.094356009,2.0113992,0.04663748,0.09380659,2.0113764,0.047578688,0.09569865,2.011382,0.047336948,0.095212685,2.011363,0.04786178,0.096267413
2.0302536,0.04610562,0.093606101,2.0301852,0.04669098,0.094791337,2.0301768,0.046445272,0.094292114,2.0301512,0.04739343,0.096215829,2.0301556,0.047128304,0.09567779,2.0301318,0.047600014,0.096634302
2.049025,0.04577316,0.093790349,2.0489596,0.046404982,0.095081933,2.0489516,0.046249012,0.094761987,2.0489264,0.047141752,0.09658998,2.0489308,0.046823798,0.095938722,2.0489082,0.04734127,0.096997916
2.0678358,0.045400514,0.093880808,2.0677878,0.046120724,0.09536787,2.0677742,0.045952696,0.095019799,2.0677462,0.046909496,0.096996932,2.0677556,0.046534764,0.096222519,2.0677302,0.047071038,0.097330207
2.0866654,0.045048288,0.094000704,2.0866108,0.045820536,0.095609625,2.086594,0.045709768,0.095377728,2.0865682,0.046587724,0.097208463,2.0865738,0.04627683,0.096560021,2.0865442,0.046767538,0.097582535
2.1054902,0.04466357,0.094038709,2.105428,0.045506486,0.09581063,2.1054256,0.045433226,0.095656277,2.1053978,0.04629448,0.097468296,2.1053958,0.046009346,0.096867884,2.1053666,0.046479992,0.097857423
2.1243058,0.04429809,0.09410269,2.124249,0.045117696,0.095841221,2.1242366,0.045120988,0.095847654,2.1242108,0.04591597,0.097535199,2.1242104,0.045725282,0.09713012,2.124191,0.04612917,0.097987168
2.1431278,0.043867056,0.094012707,2.1430742,0.044777492,0.095961488,2.1430556,0.04472255,0.095842911,2.1430314,0.045573754,0.097665986,2.1430328,0.045383972,0.097259341,2.1430138,0.045819464,0.098191744
2.1618858,0.043385728,0.093794989,2.1618228,0.044411106,0.096008942,2.1618136,0.044359158,0.095896231,2.1617906,0.04518852,0.097688118,2.1617874,0.045068166,0.097427793,2.1617692,0.045414236,0.098175097
2.180639,0.042837614,0.093413372,2.180583,0.0440015,0.095948923,2.1805736,0.043964986,0.095868888,2.1805548,0.044775186,0.097634747,2.1805512,0.044689874,0.097448558,2.1805306,0.045074696,0.098286754
2.1993344,0.042226728,0.092870695,2.1992826,0.043557096,0.095794363,2.199257,0.043475548,0.095613903,2.199245,0.044375436,0.097592456,2.199241,0.044237284,0.097288449,2.1992294,0.044608424,0.098104158
2.2181618,0.04152126,0.092100873,2.2181092,0.043135408,0.095679045,2.2180844,0.0429719,0.095315301,2.2180748,0.04390433,0.097383088,2.218068,0.043767532,0.097079362,2.218056,0.044136768,0.097897823
2.23699,0.04075099,0.091159557,2.236932,0.04259919,0.095291491,2.2369148,0.042435094,0.09492369,2.2369022,0.043370456,0.097015468,2.2368962,0.043277966,0.096808318,2.2368746,0.04356355,0.097446198
2.2558266,0.040026618,0.09029311,2.2557632,0.042000956,0.094744211,2.2557414,0.041847914,0.094398072,2.2557328,0.042805186,0.096557062,2.2557298,0.042709834,0.096341845,2.2557066,0.043016006,0.097031489
2.2746364,0.039266728,0.089317529,2.2745728,0.04137877,0.094119025,2.274549,0.041142106,0.093579736,2.27454,0.042202058,0.095990269,2.2745324,0.042118466,0.095799816,2.2745208,0.042410884,0.096464438
2.2933826,0.038370886,0.087999122,2.2933136,0.040692334,0.093320283,2.2933004,0.040463776,0.092795594,2.2932824,0.041496502,0.095163198,2.2932774,0.041495136,0.095159858,2.2932656,0.041778158,0.095808413
2.3121334,0.03739984,0.086473419,2.312066,0.03996599,0.092404007,2.3120542,0.039715078,0.091823413,2.3120334,0.040756602,0.094230625,2.3120252,0.040754864,0.094226273,2.312016,0.041066364,0.094946091
2.3308904,0.036397902,0.08483952,2.3308236,0.039170974,0.091300631,2.3308046,0.038918294,0.090710939,2.3307904,0.039925266,0.093057427,2.3307778,0.039961282,0.093140869,2.3307706,0.040244866,0.09380155
2.3497102,0.035235426,0.08279304,2.3496438,0.038302292,0.089996743,2.349624,0.038050242,0.089403762,2.3496056,0.039033206,0.091712639,2.349591,0.039116896,0.091908707,2.3495874,0.039373372,0.092511179
2.3685322,0.033959788,0.080434851,2.3684696,0.037377062,0.088526435,2.36845,0.037168768,0.088032369,2.36843,0.038052432,0.090124522,2.3684116,0.038213016,0.09050415,2.3684072,0.03843548,0.091030868
2.387365,0.032555484,0.077721823,2.3873012,0.036380916,0.086852204,2.3872752,0.036119344,0.086226814,2.3872616,0.037036748,0.088416406,2.3872398,0.037259672,0.088947772,2.3872338,0.037412324,0.089311964
2.406188,0.031050696,0.074713812,2.4061244,0.035234036,0.084777474,2.4060974,0.034954568,0.084104095,2.4060846,0.03586456,0.086293166,2.4060656,0.036186294,0.087066597,2.4060586,0.036298704,0.087336809
2.4249428,0.029397356,0.071286907,2.4248824,0.033969686,0.082372494,2.4248554,0.033702574,0.081723869,2.4248398,0.034607114,0.083916707,2.4248192,0.03505497,0.085001964,2.4248196,0.035165754,0.08527061
2.443697,0.027635014,0.067531601,2.4436408,0.032632328,0.079741688,2.4436158,0.03233268,0.079008648,2.4436,0.033230092,0.081201053,2.4435766,0.033778108,0.082539394,2.4435756,0.033867976,0.08275896
2.4624608,0.025657228,0.063179918,2.4623996,0.03119154,0.076806036,2.4623744,0.030848806,0.07596131,2.4623546,0.031790688,0.078279947,2.462338,0.0323692,0.079703911,2.4623328,0.032414338,0.079814888
2.481284,0.023557596,0.058453086,2.4812224,0.02958018,0.073395005,2.4812018,0.029197498,0.072444885,2.4811782,0.030208206,0.074951942,2.4811608,0.030797982,0.076414746,2.4811572,0.030852184,0.076549118
2.5001224,0.021184496,0.052963833,2.500054,0.027864644,0.069663115,2.5000394,0.027406188,0.06851655,2.5000136,0.02853153,0.071329213,2.4999966,0.029183186,0.072957866,2.499987,0.029121096,0.072802361
2.5188916,0.018599992,0.046851364,2.5188166,0.026042238,0.065595621,2.5188062,0.025473004,0.06416156,2.5187778,0.026682406,0.067207052,2.5187618,0.027380402,0.068964711,2.5187512,0.027255282,0.068649274
2.5377174,0.015780996,0.040047708,2.537638,0.023990542,0.060879311,2.5376264,0.023381758,0.059334166,2.5376008,0.024657152,0.062570009,2.5375842,0.025440658,0.064557812,2.5375752,0.025200048,0.063947017
2.5565566,0.012685202,0.032430436,2.5564662,0.02173695,0.055569778,2.5564566,0.021042756,0.053794892,2.5564362,0.022427324,0.057334023,2.5564188,0.023260154,0.059462695,2.5564088,0.022985914,0.058761393
2.5753878,0.009302286,0.023956993,2.5752922,0.019289484,0.049676058,2.5752838,0.01849973,0.047642055,2.575261,0.019907576,0.051267204,2.575246,0.020823206,0.053624878,2.5752324,0.020518296,0.052839381
2.5941562,0.005652002,0.014662176,2.5940548,0.016627234,0.043131956,2.5940442,0.015734576,0.040816185,2.5940244,0.017177822,0.044559689,2.5940048,0.018160676,0.047108881,2.593993,0.017871498,0.046358541
2.6129832,0.001674578,0.004375643,2.6128778,0.013658353,0.035687606,2.6128626,0.012692362,0.033163399,2.6128454,0.014241283,0.037210272,2.6128254,0.015296298,0.039966555,2.6128116,0.014943155,0.039043649
2.6318118,-0.00269409,-0.007090338,2.6317014,0.010497021,0.027625025,2.6316858,0.00932759,0.024547287,2.6316656,0.011016291,0.028991195,2.6316472,0.012168017,0.032021927,2.6316304,0.011776468,0.030991311
2.6505054,-0.007410816,-0.019642408,2.6503958,0.007061478,0.018715712,2.650385,0.005660352,0.015002113,2.6503554,0.007487342,0.019844117,2.6503352,0.008776944,0.023261843,2.6503148,0.008289514,0.021969821
2.6692874,-0.01257901,-0.033576993,2.6691744,0.003298615,0.008804578,2.6691638,0.001681356,0.004487815,2.6691332,0.00364779,0.009736438,2.6691138,0.005099183,0.0136103,2.669092,0.004507119,0.012029915
2.6881312,-0.018218826,-0.048974596,2.6880156,-0.000897493,-0.002412476,2.6880068,-0.002660732,-0.007152065,2.687972,-0.000606147,-0.001629305,2.6879572,0.000993045,0.002669261,2.687935,0.000368638,0.000990876
2.706972,-0.02433658,-0.065878441,2.7068532,-0.00541959,-0.014670035,2.7068464,-0.007440742,-0.020140947,2.7068116,-0.005225646,-0.014144839,2.7067926,-0.003511063,-0.00950372,2.706772,-0.004112959,-0.011132841
2.7258338,-0.03104142,-0.084613752,2.7257096,-0.010409942,-0.02837448,2.7257028,-0.012651444,-0.034484077,2.7256676,-0.010285764,-0.028035573,2.7256478,-0.008460118,-0.023059302,2.7256298,-0.009012867,-0.02456574
2.7446948,-0.038273124,-0.105048044,2.7445602,-0.015838065,-0.043468524,2.7445548,-0.018312716,-0.050260253,2.7445224,-0.015737192,-0.043191077,2.744503,-0.013818693,-0.037925444,2.7444892,-0.014347469,-0.039376474
2.7635528,-0.046061232,-0.127292647,2.7634068,-0.021725166,-0.060035471,2.7634052,-0.024479038,-0.067645501,2.7633724,-0.021667669,-0.059875838,2.7633486,-0.01961963,-0.054215878,2.763338,-0.020193535,-0.055801562
2.782131,-0.05378106,-0.149625954,2.781967,-0.02748659,-0.076466786,2.781981,-0.03057755,-0.085066163,2.781942,-0.02738401,-0.076180728,2.781929,-0.02527625,-0.070316733,2.78191,-0.02596957,-0.072245006
2.801214,-0.06283436,-0.176012489,2.801041,-0.03429767,-0.09606918,2.801052,-0.03780533,-0.105894695,2.801018,-0.0344274,-0.096431767,2.800983,-0.03192895,-0.089432446,2.80098,-0.03296876,-0.092344837
