Device,C1_2,,Device,C1(SV1)_2,,Device,C1(SV2)_2,,Device,C3_4,,Device,C3(SV2)_4,,Device,C3(SV1)_4,,Device,C5_6,,Device,C5(SV1)_6,,Device,C5(SV2)_6,,,,,,,,,,,,,,,,,,,,,,,,,,,,,,,,,,,,,,,,,,,,,,,,,,,,,,,,,,,,,,,,,,,
V [V] ,I [A],P [W],V [V] ,I [A],P [W],V [V] ,I [A],P [W],V [V] ,I [A],P [W],V [V] ,I [A],P [W],V [V] ,I [A],P [W],V [V] ,I [A],P [W],V [V] ,I [A],P [W],V [V] ,I [A],P [W],,,,,,,,,,,,,,,,,,,,,,,,,,,,,,,,,,,,,,,,,,,,,,,,,,,,,,,,,,,,,,,,,,
0.000343323,0.04924497,1.69E-05,0.000415802,0.01954432,8.13E-06,0.000400543,0.0128945,5.16E-06,0.000190735,0.0494305,9.43E-06,0.000347138,0.01269092,4.41E-06,0.000328064,0.01938275,6.36E-06,0.000183106,0.04993029,9.14E-06,0.000270844,0.01927036,5.22E-06,0.000320435,0.01282796,4.11E-06,,,,,,,,,,,,,,,,,,,,,,,,,,,,,,,,,,,,,,,,,,,,,,,,,,,,,,,,,,,,,,,,,,
0.04078674,0.04895024,0.001996521,0.04084015,0.01964119,0.000802149,0.04083633,0.01286535,0.000525374,0.04062653,0.04933566,0.002004337,0.04076576,0.01266935,0.000516476,0.04074097,0.01927727,0.000785375,0.04060745,0.04983412,0.002023637,0.04069328,0.01935413,0.000787583,0.04073906,0.0128697,0.000524299,,,,,,,,,,,,,,,,,,,,,,,,,,,,,,,,,,,,,,,,,,,,,,,,,,,,,,,,,,,,,,,,,,
0.080945599,0.049107462,0.003975033,0.081017296,0.019611204,0.001588847,0.081006611,0.012871872,0.001042707,0.080789959,0.049196518,0.003974585,0.080947112,0.012609924,0.001020737,0.080922317,0.019328614,0.001564116,0.080782301,0.049858622,0.004027694,0.080875769,0.019349198,0.001564881,0.080916969,0.012830978,0.001038244,,,,,,,,,,,,,,,,,,,,,,,,,,,,,,,,,,,,,,,,,,,,,,,,,,,,,,,,,,,,,,,,,,
0.121244054,0.04909785,0.005952822,0.121317276,0.019602018,0.002378063,0.121306602,0.012869642,0.001561173,0.121088412,0.049173252,0.005954311,0.121247104,0.012586108,0.001526029,0.121220784,0.019328062,0.002342963,0.12108268,0.049816692,0.006031939,0.121175,0.019366392,0.002346723,0.121216202,0.012829748,0.001555173,,,,,,,,,,,,,,,,,,,,,,,,,,,,,,,,,,,,,,,,,,,,,,,,,,,,,,,,,,,,,,,,,,
0.161452866,0.049133214,0.007932698,0.161529146,0.019589052,0.003164203,0.161516556,0.012864832,0.002077883,0.161295706,0.0491604,0.007929361,0.161457452,0.012587212,0.002032299,0.16143417,0.019332354,0.003120903,0.16129417,0.04979253,0.008031245,0.161386104,0.019355026,0.003123632,0.16142731,0.01282124,0.002069698,,,,,,,,,,,,,,,,,,,,,,,,,,,,,,,,,,,,,,,,,,,,,,,,,,,,,,,,,,,,,,,,,,
0.20175972,0.049169984,0.009920522,0.20183332,0.019579618,0.003951819,0.20182226,0.012860446,0.002595524,0.20160408,0.049139046,0.009906632,0.20175858,0.012595962,0.002541343,0.20174064,0.019331332,0.003899915,0.20159072,0.049783818,0.010035956,0.20168724,0.019334438,0.003899509,0.20172958,0.012817544,0.002585678,,,,,,,,,,,,,,,,,,,,,,,,,,,,,,,,,,,,,,,,,,,,,,,,,,,,,,,,,,,,,,,,,,
0.24196892,0.04919351,0.0119033,0.24204404,0.019564434,0.004735455,0.2420349,0.012857574,0.003111982,0.24181366,0.049151318,0.01188546,0.24196816,0.012611124,0.00305149,0.2419506,0.019338104,0.004678866,0.24180106,0.049738002,0.012026702,0.24190102,0.019325298,0.004674809,0.24193878,0.01282042,0.003101757,,,,,,,,,,,,,,,,,,,,,,,,,,,,,,,,,,,,,,,,,,,,,,,,,,,,,,,,,,,,,,,,,,
0.28225212,0.049167416,0.013877607,0.28232916,0.019575364,0.005526696,0.28232002,0.012846942,0.003626949,0.28209724,0.049178218,0.01387304,0.28225174,0.012631776,0.003565341,0.2822361,0.019339738,0.005458372,0.28208924,0.049768318,0.014039107,0.2821888,0.019330996,0.005454991,0.28222314,0.012824734,0.003619437,,,,,,,,,,,,,,,,,,,,,,,,,,,,,,,,,,,,,,,,,,,,,,,,,,,,,,,,,,,,,,,,,,
0.32246476,0.049160648,0.015852577,0.32254142,0.019590748,0.006318828,0.32253532,0.012826442,0.004136981,0.32230874,0.049168252,0.015847357,0.32246474,0.01262629,0.004071533,0.32245102,0.019318576,0.006229295,0.32230072,0.049823956,0.016058297,0.3224079,0.019321276,0.006229332,0.32243576,0.01282069,0.004133849,,,,,,,,,,,,,,,,,,,,,,,,,,,,,,,,,,,,,,,,,,,,,,,,,,,,,,,,,,,,,,,,,,
0.36277314,0.04914645,0.017829012,0.36285246,0.01959632,0.007110573,0.3628437,0.01281255,0.004648953,0.36262016,0.049120634,0.017812132,0.36277312,0.012604412,0.004572542,0.36275712,0.019314902,0.007006618,0.36260338,0.049830462,0.018068694,0.3627201,0.01932985,0.007011325,0.36274452,0.012814214,0.004648286,,,,,,,,,,,,,,,,,,,,,,,,,,,,,,,,,,,,,,,,,,,,,,,,,,,,,,,,,,,,,,,,,,
0.40298578,0.049147202,0.019805624,0.40306662,0.01959836,0.007899445,0.40305558,0.012808396,0.005162495,0.4028347,0.04911657,0.019785859,0.40298728,0.012576574,0.005068199,0.40296822,0.019307484,0.007780302,0.40281944,0.049824464,0.020070263,0.40293464,0.019325518,0.007786921,0.40295982,0.01280485,0.00515984,,,,,,,,,,,,,,,,,,,,,,,,,,,,,,,,,,,,,,,,,,,,,,,,,,,,,,,,,,,,,,,,,,
0.44327432,0.049110084,0.021769239,0.44335136,0.019597818,0.008688719,0.44334184,0.012794896,0.005672513,0.4431263,0.049104678,0.021759574,0.4432743,0.012570168,0.005572032,0.44325448,0.019292276,0.008551388,0.44310838,0.049822416,0.02207673,0.44322394,0.019304492,0.008556213,0.44324722,0.012785244,0.005667024,,,,,,,,,,,,,,,,,,,,,,,,,,,,,,,,,,,,,,,,,,,,,,,,,,,,,,,,,,,,,,,,,,
0.48357354,0.049096348,0.023741695,0.48364982,0.019587976,0.009473721,0.48363992,0.012787764,0.006184673,0.4834259,0.04910733,0.023739755,0.48357276,0.012567508,0.006077305,0.48355064,0.019282628,0.009324127,0.48340454,0.049787836,0.024067666,0.48351974,0.019252076,0.009308759,0.48354416,0.012780714,0.00618004,,,,,,,,,,,,,,,,,,,,,,,,,,,,,,,,,,,,,,,,,,,,,,,,,,,,,,,,,,,,,,,,,,
0.52386284,0.049098372,0.025720813,0.5239376,0.019582458,0.010259986,0.5239235,0.012793994,0.006703074,0.52371062,0.049045156,0.025685469,0.52385598,0.0125893,0.00659498,0.52383346,0.019278126,0.010098527,0.52368698,0.049756902,0.026057042,0.52380066,0.01922942,0.010072383,0.52382966,0.012786694,0.00669805,,,,,,,,,,,,,,,,,,,,,,,,,,,,,,,,,,,,,,,,,,,,,,,,,,,,,,,,,,,,,,,,,,
0.56415634,0.049129962,0.02771698,0.5642315,0.019567072,0.011040358,0.5642212,0.012800624,0.007222383,0.56400336,0.049070864,0.027676132,0.5641533,0.012589178,0.007102226,0.56413268,0.01926859,0.010870041,0.56398848,0.049723434,0.028043444,0.56409798,0.019230068,0.010847643,0.56412546,0.012792236,0.007216426,,,,,,,,,,,,,,,,,,,,,,,,,,,,,,,,,,,,,,,,,,,,,,,,,,,,,,,,,,,,,,,,,,
0.60445212,0.049130304,0.029696916,0.60452996,0.019536046,0.011810125,0.6045208,0.012794376,0.007734466,0.60430106,0.049072214,0.029654391,0.6044529,0.012593526,0.007612193,0.60443268,0.01925352,0.011637457,0.60429,0.049736532,0.030055289,0.60439834,0.019221148,0.01161723,0.6044224,0.012794078,0.007733027,,,,,,,,,,,,,,,,,,,,,,,,,,,,,,,,,,,,,,,,,,,,,,,,,,,,,,,,,,,,,,,,,,
0.64476432,0.049123862,0.031673313,0.64484138,0.019524322,0.012590091,0.6448307,0.01279296,0.008249293,0.64460866,0.049085896,0.031641194,0.64476166,0.012593302,0.008119678,0.64474182,0.019230154,0.012398484,0.64459608,0.049747944,0.03206733,0.64470292,0.019223604,0.012393514,0.64473116,0.012797008,0.00825063,,,,,,,,,,,,,,,,,,,,,,,,,,,,,,,,,,,,,,,,,,,,,,,,,,,,,,,,,,,,,,,,,,
0.68498534,0.049126482,0.03365092,0.68506202,0.019535928,0.013383322,0.68505248,0.01279835,0.008767541,0.68482702,0.049076198,0.033608706,0.68498308,0.01257987,0.008616998,0.684964,0.019207894,0.013156716,0.68481596,0.049704464,0.03403841,0.68492546,0.019225,0.013167692,0.68495294,0.012788048,0.008759211,,,,,,,,,,,,,,,,,,,,,,,,,,,,,,,,,,,,,,,,,,,,,,,,,,,,,,,,,,,,,,,,,,
0.72529678,0.04915008,0.035648395,0.72537536,0.019533946,0.014169443,0.72536926,0.012786182,0.009274703,0.7251457,0.049061626,0.035576827,0.72530098,0.012567328,0.009115095,0.72528154,0.019189596,0.01391786,0.72513616,0.049669464,0.036017124,0.72524032,0.019229856,0.013946267,0.7252678,0.012782706,0.009270885,,,,,,,,,,,,,,,,,,,,,,,,,,,,,,,,,,,,,,,,,,,,,,,,,,,,,,,,,,,,,,,,,,
0.76552392,0.049137566,0.037615982,0.76560248,0.01950797,0.01493535,0.76559258,0.012780746,0.009784844,0.76537512,0.04902524,0.037522699,0.76552582,0.012563024,0.009617319,0.76550562,0.019188772,0.014689113,0.76536292,0.049672588,0.038017557,0.76546362,0.019215746,0.014708954,0.76549262,0.01277233,0.009777124,,,,,,,,,,,,,,,,,,,,,,,,,,,,,,,,,,,,,,,,,,,,,,,,,,,,,,,,,,,,,,,,,,
0.80582734,0.04911151,0.039575397,0.80590134,0.019487672,0.015705141,0.80589256,0.012781582,0.010300582,0.8056713,0.04901616,0.039490913,0.80582582,0.012567,0.010126813,0.80580256,0.019206528,0.015476669,0.80566176,0.049660232,0.04000935,0.80576132,0.019216102,0.015483592,0.805793,0.012774926,0.010293946,,,,,,,,,,,,,,,,,,,,,,,,,,,,,,,,,,,,,,,,,,,,,,,,,,,,,,,,,,,,,,,,,,
0.84603692,0.04909824,0.041538924,0.84611244,0.01949638,0.01649613,0.84610404,0.012765686,0.010801098,0.84587898,0.049033226,0.041476175,0.84603806,0.012565286,0.01063071,0.8460152,0.019215398,0.016256519,0.84587554,0.049665238,0.04201061,0.84597204,0.019201168,0.016243651,0.8460041,0.012782064,0.010813679,,,,,,,,,,,,,,,,,,,,,,,,,,,,,,,,,,,,,,,,,,,,,,,,,,,,,,,,,,,,,,,,,,
0.88633042,0.04907874,0.04349998,0.8864071,0.019489528,0.017275656,0.88639678,0.012763256,0.011313309,0.88617668,0.048979784,0.043404742,0.88633002,0.012565264,0.011136971,0.88631328,0.01922392,0.017038416,0.88616904,0.049675372,0.044020777,0.88626516,0.019213898,0.017028608,0.8862999,0.012788182,0.011334164,,,,,,,,,,,,,,,,,,,,,,,,,,,,,,,,,,,,,,,,,,,,,,,,,,,,,,,,,,,,,,,,,,
0.92653892,0.049071068,0.045466254,0.92661698,0.019495262,0.018064641,0.92660482,0.012757776,0.011821417,0.92638358,0.048976336,0.045370873,0.92653588,0.012564782,0.011641721,0.92652092,0.019246638,0.017832413,0.92637872,0.049663692,0.046007387,0.92647548,0.019213516,0.017800851,0.9265088,0.012784972,0.011845389,,,,,,,,,,,,,,,,,,,,,,,,,,,,,,,,,,,,,,,,,,,,,,,,,,,,,,,,,,,,,,,,,,
0.96682334,0.049086274,0.047457755,0.96690022,0.01950276,0.018857223,0.9668892,0.012753876,0.012331585,0.9666672,0.048958658,0.047326729,0.96681824,0.012565738,0.012148785,0.96680414,0.019250466,0.01861143,0.96666302,0.049655506,0.048000141,0.9667583,0.019205044,0.018566636,0.9667921,0.012781854,0.012357395,,,,,,,,,,,,,,,,,,,,,,,,,,,,,,,,,,,,,,,,,,,,,,,,,,,,,,,,,,,,,,,,,,
1.00704934,0.049051656,0.049397438,1.00712082,0.019509582,0.019648506,1.00711096,0.012744544,0.01283517,1.0068936,0.04891604,0.049253248,1.00703894,0.012556818,0.012645205,1.00702932,0.019226514,0.019361663,1.0068855,0.049630192,0.049971921,1.00698354,0.019184634,0.019318611,1.0070143,0.012775468,0.012865079,,,,,,,,,,,,,,,,,,,,,,,,,,,,,,,,,,,,,,,,,,,,,,,,,,,,,,,,,,,,,,,,,,
1.04733024,0.049029054,0.051349611,1.04740286,0.019495748,0.020419902,1.04739274,0.012744444,0.013348438,1.04717948,0.048883942,0.051190261,1.04731944,0.012554854,0.013148943,1.0473136,0.019225244,0.02013486,1.04716518,0.04962364,0.051964148,1.04726934,0.019169688,0.020075826,1.04729608,0.012769232,0.013373167,,,,,,,,,,,,,,,,,,,,,,,,,,,,,,,,,,,,,,,,,,,,,,,,,,,,,,,,,,,,,,,,,,
1.0876272,0.049024824,0.053320732,1.0876998,0.019487382,0.021196422,1.0876896,0.012734486,0.013851168,1.0874768,0.048903704,0.053181644,1.0876172,0.01254864,0.013648117,1.0876086,0.019221026,0.020904953,1.0874618,0.049637674,0.053979074,1.087566,0.01916123,0.020839102,1.087591,0.012766248,0.013884456,,,,,,,,,,,,,,,,,,,,,,,,,,,,,,,,,,,,,,,,,,,,,,,,,,,,,,,,,,,,,,,,,,
1.1279256,0.049009206,0.055278738,1.1279968,0.019482214,0.021975875,1.1279862,0.012724132,0.014352645,1.1277756,0.048930886,0.055183059,1.1279136,0.012534442,0.014137768,1.127904,0.01919908,0.021654719,1.1277594,0.049648514,0.055991578,1.1278618,0.019168278,0.021619169,1.1278878,0.012763348,0.014395624,,,,,,,,,,,,,,,,,,,,,,,,,,,,,,,,,,,,,,,,,,,,,,,,,,,,,,,,,,,,,,,,,,
1.1682206,0.048978306,0.057217466,1.1682896,0.019472868,0.022749949,1.1682796,0.012711452,0.01485053,1.1680714,0.048943814,0.057169869,1.1682084,0.012529888,0.01463752,1.1681982,0.019184482,0.022411277,1.1680492,0.049622314,0.057961304,1.1681568,0.019176984,0.022401724,1.1681808,0.012760818,0.014906943,,,,,,,,,,,,,,,,,,,,,,,,,,,,,,,,,,,,,,,,,,,,,,,,,,,,,,,,,,,,,,,,,,
1.2084858,0.048955038,0.059161468,1.2085622,0.019482452,0.023545755,1.208551,0.012709356,0.015359905,1.2083386,0.04893963,0.059135644,1.208482,0.012540026,0.015154396,1.2084704,0.019175254,0.023172727,1.2083192,0.049581682,0.059910498,1.2084266,0.019152412,0.023144284,1.2084488,0.012751668,0.015409738,,,,,,,,,,,,,,,,,,,,,,,,,,,,,,,,,,,,,,,,,,,,,,,,,,,,,,,,,,,,,,,,,,
1.2487866,0.048960828,0.061141626,1.2488646,0.019493512,0.024344757,1.2488512,0.012697302,0.015857041,1.2486374,0.048938512,0.061106456,1.2487854,0.01252333,0.015638952,1.24877,0.019169208,0.023937932,1.2486284,0.049479494,0.061781501,1.2487266,0.019153486,0.023917467,1.248751,0.012754538,0.015927242,,,,,,,,,,,,,,,,,,,,,,,,,,,,,,,,,,,,,,,,,,,,,,,,,,,,,,,,,,,,,,,,,,
1.2890054,0.048997458,0.063157988,1.289084,0.019472856,0.025102147,1.2890696,0.012673368,0.016336853,1.2888562,0.048938406,0.063074568,1.2890048,0.012512716,0.016128951,1.288986,0.019168428,0.024707835,1.2888486,0.049466926,0.063755378,1.2889434,0.019149922,0.024683166,1.2889686,0.012754244,0.01643982,,,,,,,,,,,,,,,,,,,,,,,,,,,,,,,,,,,,,,,,,,,,,,,,,,,,,,,,,,,,,,,,,,
1.3293042,0.049007582,0.065145985,1.3293768,0.019446162,0.025851277,1.3293642,0.012674348,0.016848824,1.3291558,0.04891468,0.065015231,1.3293014,0.012505202,0.016623183,1.3292838,0.019160912,0.02547029,1.329139,0.049436978,0.065708616,1.3292426,0.019123782,0.025420146,1.329261,0.012740136,0.016934966,,,,,,,,,,,,,,,,,,,,,,,,,,,,,,,,,,,,,,,,,,,,,,,,,,,,,,,,,,,,,,,,,,
1.3695218,0.049017428,0.067130436,1.369592,0.019452674,0.026642227,1.3695838,0.012670578,0.017353418,1.3693714,0.048929676,0.067002899,1.3695228,0.01249418,0.017111064,1.3695006,0.019147128,0.026222003,1.369357,0.049420292,0.067674023,1.3694622,0.019093818,0.026148262,1.369479,0.012739344,0.017446264,,,,,,,,,,,,,,,,,,,,,,,,,,,,,,,,,,,,,,,,,,,,,,,,,,,,,,,,,,,,,,,,,,
1.4098374,0.049068736,0.069178939,1.4099122,0.019428712,0.027392778,1.409899,0.01267071,0.017864421,1.4096888,0.048977892,0.069043586,1.409838,0.01247522,0.017588039,1.409815,0.019144368,0.026990017,1.4096778,0.049429574,0.069679773,1.4097806,0.019095978,0.026921139,1.409798,0.012746032,0.01796933,,,,,,,,,,,,,,,,,,,,,,,,,,,,,,,,,,,,,,,,,,,,,,,,,,,,,,,,,,,,,,,,,,
1.4500682,0.04907636,0.071164069,1.4501426,0.019408658,0.028145322,1.4501258,0.012665038,0.018365898,1.449919,0.048952612,0.070977322,1.450066,0.012474988,0.018089556,1.450043,0.01914604,0.027762581,1.4499008,0.049437502,0.071679474,1.4500062,0.019121312,0.027726021,1.4500278,0.012754442,0.018494295,,,,,,,,,,,,,,,,,,,,,,,,,,,,,,,,,,,,,,,,,,,,,,,,,,,,,,,,,,,,,,,,,,
1.4903624,0.049038184,0.073084666,1.4904312,0.019390426,0.028900096,1.490416,0.012658872,0.018866985,1.4902136,0.048890574,0.072857398,1.4903554,0.012478474,0.018597361,1.4903324,0.01914319,0.028529716,1.4901894,0.049422122,0.073648322,1.4902984,0.019148314,0.028536702,1.4903188,0.012743542,0.01899194,,,,,,,,,,,,,,,,,,,,,,,,,,,,,,,,,,,,,,,,,,,,,,,,,,,,,,,,,,,,,,,,,,
1.5305896,0.049026358,0.075039234,1.530664,0.019381264,0.029666203,1.5306462,0.012638744,0.019345445,1.5304386,0.048856934,0.074772538,1.5305844,0.012472428,0.019090104,1.5305584,0.019152902,0.029314635,1.5304158,0.049417914,0.075629956,1.5305256,0.019150636,0.029310539,1.5305482,0.012741344,0.019501241,,,,,,,,,,,,,,,,,,,,,,,,,,,,,,,,,,,,,,,,,,,,,,,,,,,,,,,,,,,,,,,,,,
1.5708842,0.04901431,0.076995805,1.5709674,0.019379002,0.03044378,1.5709416,0.012622574,0.019829327,1.570736,0.048810604,0.076668573,1.5708794,0.01245664,0.019567879,1.570855,0.01915718,0.030093152,1.5707118,0.049390528,0.077578285,1.5708218,0.01915651,0.030091464,1.5708444,0.012726588,0.019991489,,,,,,,,,,,,,,,,,,,,,,,,,,,,,,,,,,,,,,,,,,,,,,,,,,,,,,,,,,,,,,,,,,
1.6111748,0.04898963,0.078930857,1.6112562,0.019391948,0.031245396,1.6112302,0.012616134,0.020327496,1.611025,0.048837742,0.078678823,1.6111692,0.012435132,0.020035102,1.6111474,0.019165198,0.030877959,1.6109974,0.049333898,0.079476781,1.611111,0.019155634,0.030861853,1.611133,0.012716752,0.020488379,,,,,,,,,,,,,,,,,,,,,,,,,,,,,,,,,,,,,,,,,,,,,,,,,,,,,,,,,,,,,,,,,,
1.6514612,0.048986634,0.080899525,1.6515436,0.019381738,0.032009785,1.651521,0.01260916,0.020824293,1.6513124,0.048877724,0.080712392,1.6514588,0.01241832,0.020508344,1.6514356,0.01916413,0.031648327,1.651287,0.049323122,0.08144663,1.6514038,0.019133628,0.031597346,1.6514166,0.012718352,0.021003298,,,,,,,,,,,,,,,,,,,,,,,,,,,,,,,,,,,,,,,,,,,,,,,,,,,,,,,,,,,,,,,,,,
1.6917624,0.049000236,0.082896757,1.691846,0.019386048,0.032798208,1.6918232,0.012599704,0.021316472,1.691609,0.04890145,0.082722133,1.6917614,0.012405586,0.020987292,1.691739,0.019158938,0.032411923,1.6915876,0.049278796,0.0833594,1.6917062,0.019101884,0.032314776,1.6917166,0.01272634,0.021529361,,,,,,,,,,,,,,,,,,,,,,,,,,,,,,,,,,,,,,,,,,,,,,,,,,,,,,,,,,,,,,,,,,
1.7320464,0.048949252,0.084782376,1.7321292,0.019373778,0.033557887,1.7321044,0.012595642,0.021816967,1.7318898,0.048938724,0.084756477,1.7320428,0.012405282,0.021486479,1.7320218,0.019149076,0.033166617,1.7318696,0.04919694,0.085202685,1.731989,0.019116106,0.033108885,1.7319956,0.012733886,0.022055035,,,,,,,,,,,,,,,,,,,,,,,,,,,,,,,,,,,,,,,,,,,,,,,,,,,,,,,,,,,,,,,,,,
1.7723498,0.048948904,0.08675458,1.7724312,0.019359466,0.034313322,1.7724066,0.012595274,0.022323947,1.772189,0.048920848,0.086696989,1.7723424,0.012405426,0.021986662,1.7723234,0.019145614,0.03393222,1.77217,0.049167042,0.087132357,1.7722924,0.019099604,0.033850083,1.772297,0.012734116,0.022568636,,,,,,,,,,,,,,,,,,,,,,,,,,,,,,,,,,,,,,,,,,,,,,,,,,,,,,,,,,,,,,,,,,
1.8125674,0.04899197,0.088801248,1.8126462,0.019352078,0.035078471,1.8126264,0.012576612,0.022796699,1.8124032,0.048882184,0.088594227,1.8125584,0.01240483,0.022484479,1.812538,0.019130638,0.034675008,1.8123856,0.049134378,0.089050439,1.8125074,0.019105222,0.034628356,1.812513,0.01272826,0.023070137,,,,,,,,,,,,,,,,,,,,,,,,,,,,,,,,,,,,,,,,,,,,,,,,,,,,,,,,,,,,,,,,,,
1.852865,0.049030806,0.090847464,1.852942,0.019350506,0.035855365,1.8529234,0.012568868,0.02328915,1.8526986,0.048844132,0.090493455,1.8528528,0.012395366,0.022966789,1.8528356,0.01912106,0.035428181,1.852681,0.049130712,0.091023537,1.8528006,0.019105172,0.035398074,1.852811,0.012707522,0.023544637,,,,,,,,,,,,,,,,,,,,,,,,,,,,,,,,,,,,,,,,,,,,,,,,,,,,,,,,,,,,,,,,,,
1.8930722,0.048999882,0.092760314,1.893148,0.019342324,0.036617882,1.8931314,0.012574268,0.023804742,1.892905,0.048804548,0.092382373,1.8930574,0.012381996,0.023439829,1.8930414,0.019120902,0.036196659,1.892891,0.049128692,0.092995259,1.8930048,0.019111684,0.03617851,1.8930182,0.012689372,0.024021212,,,,,,,,,,,,,,,,,,,,,,,,,,,,,,,,,,,,,,,,,,,,,,,,,,,,,,,,,,,,,,,,,,
1.9333626,0.049004582,0.094743626,1.93344,0.019352276,0.037416465,1.9334238,0.012572782,0.024308516,1.9331974,0.048805578,0.094350816,1.9333508,0.012374068,0.023923414,1.9333356,0.01913029,0.036985271,1.9331834,0.049150924,0.09501775,1.9332942,0.019090098,0.036906776,1.933314,0.012684774,0.024523651,,,,,,,,,,,,,,,,,,,,,,,,,,,,,,,,,,,,,,,,,,,,,,,,,,,,,,,,,,,,,,,,,,
1.9735822,0.048983642,0.096673244,1.9736578,0.01937169,0.038233087,1.9736484,0.012551498,0.024772244,1.9734196,0.04887714,0.096455106,1.9735726,0.012371314,0.024415686,1.9735578,0.019125468,0.037745217,1.9734056,0.04916577,0.097024006,1.973514,0.019081122,0.037656861,1.973534,0.012693496,0.025051046,,,,,,,,,,,,,,,,,,,,,,,,,,,,,,,,,,,,,,,,,,,,,,,,,,,,,,,,,,,,,,,,,,
2.0138848,0.048933514,0.09854646,2.0139566,0.019368216,0.039006746,2.0139492,0.012543392,0.025261754,2.0137242,0.04887885,0.098428523,2.01387,0.012381742,0.024935219,2.0138558,0.019136466,0.038538083,2.0137088,0.049107812,0.098888833,2.0138144,0.019078552,0.038420663,2.0138336,0.012696472,0.025568582,,,,,,,,,,,,,,,,,,,,,,,,,,,,,,,,,,,,,,,,,,,,,,,,,,,,,,,,,,,,,,,,,,
2.0541082,0.048902222,0.100450455,2.0541776,0.019339744,0.039727269,2.0541694,0.01253747,0.025754087,2.0539438,0.048841454,0.100317602,2.0540882,0.01239275,0.025455802,2.054075,0.019137452,0.039309762,2.053926,0.049022812,0.100689228,2.0540346,0.019083148,0.039197446,2.0540508,0.012688872,0.026063588,,,,,,,,,,,,,,,,,,,,,,,,,,,,,,,,,,,,,,,,,,,,,,,,,,,,,,,,,,,,,,,,,,
2.0944132,0.048927706,0.102474833,2.0944852,0.01931658,0.040458291,2.0944706,0.012516,0.026214394,2.0942454,0.048865252,0.102335829,2.094395,0.012390876,0.025951389,2.094381,0.019130676,0.040066924,2.0942246,0.048947692,0.102507461,2.0943388,0.01908901,0.039978854,2.0943534,0.012680134,0.026556682,,,,,,,,,,,,,,,,,,,,,,,,,,,,,,,,,,,,,,,,,,,,,,,,,,,,,,,,,,,,,,,,,,
2.1347238,0.048909826,0.10440897,2.1347948,0.019303562,0.041209144,2.134784,0.012508448,0.026702835,2.1345556,0.048832258,0.10423517,2.134705,0.012374666,0.026416261,2.1346916,0.019114158,0.040802833,2.1345342,0.048886536,0.104349983,2.1346516,0.019075268,0.040719051,2.134661,0.012671682,0.027049745,,,,,,,,,,,,,,,,,,,,,,,,,,,,,,,,,,,,,,,,,,,,,,,,,,,,,,,,,,,,,,,,,,
2.1750214,0.048916522,0.106394482,2.1750906,0.019286936,0.041950833,2.1750782,0.012514766,0.027220595,2.1748524,0.048762934,0.106052184,2.1750008,0.012368738,0.026902015,2.1749862,0.01911133,0.041566879,2.1748274,0.048847506,0.106234894,2.1749458,0.019075948,0.041489153,2.1749582,0.012659998,0.027534966,,,,,,,,,,,,,,,,,,,,,,,,,,,,,,,,,,,,,,,,,,,,,,,,,,,,,,,,,,,,,,,,,,
2.2153218,0.048931632,0.108399311,2.2153906,0.019283634,0.042720781,2.2153736,0.012501742,0.027696029,2.2151488,0.048768054,0.108028496,2.2153,0.01236139,0.027384187,2.2152836,0.01910701,0.042327446,2.215119,0.048878776,0.108272305,2.2152412,0.019077226,0.042260657,2.2152532,0.012648296,0.028019178,,,,,,,,,,,,,,,,,,,,,,,,,,,,,,,,,,,,,,,,,,,,,,,,,,,,,,,,,,,,,,,,,,
2.2556156,0.048937628,0.110384477,2.2556868,0.01929644,0.043526725,2.2556686,0.012490708,0.028174898,2.2554414,0.048815374,0.110100215,2.255597,0.012351186,0.027859298,2.2555756,0.019109604,0.043103157,2.25541,0.04889551,0.110279422,2.2555358,0.019065828,0.043003658,2.2555472,0.012641146,0.028512701,,,,,,,,,,,,,,,,,,,,,,,,,,,,,,,,,,,,,,,,,,,,,,,,,,,,,,,,,,,,,,,,,,
2.2959166,0.048917134,0.11230966,2.2959868,0.019321414,0.044361712,2.295969,0.01248701,0.028669788,2.2957398,0.04883553,0.11211367,2.2958952,0.012353874,0.0283632,2.2958746,0.01910908,0.043872051,2.2957088,0.048867818,0.11218628,2.2958362,0.019041128,0.043715311,2.2958468,0.012637536,0.029013847,,,,,,,,,,,,,,,,,,,,,,,,,,,,,,,,,,,,,,,,,,,,,,,,,,,,,,,,,,,,,,,,,,
2.3361232,0.048919958,0.114283049,2.336192,0.019311604,0.045115615,2.336174,0.01247626,0.029146714,2.335946,0.048845264,0.114099899,2.336099,0.012358896,0.028871605,2.3360778,0.019112516,0.044648324,2.335916,0.048840518,0.114087347,2.3360408,0.019041832,0.044482496,2.3360552,0.012635536,0.02951731,,,,,,,,,,,,,,,,,,,,,,,,,,,,,,,,,,,,,,,,,,,,,,,,,,,,,,,,,,,,,,,,,,
2.3764114,0.048895116,0.116194911,2.3764788,0.01929148,0.045845793,2.3764618,0.012472246,0.029639816,2.3762338,0.048860288,0.116103468,2.3763882,0.012356324,0.029363423,2.376367,0.019123022,0.045443318,2.376204,0.048842064,0.116058708,2.3763272,0.01904218,0.04525045,2.3763416,0.012623954,0.029998827,,,,,,,,,,,,,,,,,,,,,,,,,,,,,,,,,,,,,,,,,,,,,,,,,,,,,,,,,,,,,,,,,,
2.416622,0.048858632,0.118072845,2.4166866,0.019272958,0.046576699,2.4166698,0.012473756,0.030144949,2.4164358,0.048821188,0.117973266,2.4165962,0.01234035,0.029821643,2.4165758,0.019113174,0.046188434,2.4164104,0.048867886,0.118084868,2.4165372,0.019036294,0.046001913,2.41655,0.012621832,0.030501288,,,,,,,,,,,,,,,,,,,,,,,,,,,,,,,,,,,,,,,,,,,,,,,,,,,,,,,,,,,,,,,,,,
2.4569212,0.04884529,0.120009029,2.456981,0.019274624,0.047357385,2.4569646,0.012482188,0.030668294,2.4567328,0.04874167,0.119745259,2.456892,0.012329592,0.030292476,2.4568742,0.01909648,0.046917649,2.4567072,0.048901668,0.12013708,2.4568334,0.01903633,0.046769091,2.4568462,0.012611216,0.030983818,,,,,,,,,,,,,,,,,,,,,,,,,,,,,,,,,,,,,,,,,,,,,,,,,,,,,,,,,,,,,,,,,,
2.4971328,0.04886079,0.122011881,2.4971936,0.019266372,0.048111861,2.4971802,0.012480974,0.031167241,2.496945,0.04871288,0.121633382,2.4971024,0.01232663,0.030780857,2.497086,0.019091874,0.047674051,2.4969232,0.048915058,0.122137143,2.497043,0.0190291,0.047516481,2.4970586,0.01260495,0.031475299,,,,,,,,,,,,,,,,,,,,,,,,,,,,,,,,,,,,,,,,,,,,,,,,,,,,,,,,,,,,,,,,,,
2.5374236,0.048878288,0.124024921,2.5374868,0.019273664,0.048906668,2.5374714,0.012469732,0.031641588,2.5372392,0.048715094,0.123601846,2.5373944,0.012326576,0.031277385,2.537378,0.019090386,0.048439525,2.5372182,0.048932514,0.124152465,2.5373294,0.019023196,0.048268114,2.537348,0.012585036,0.031932616,,,,,,,,,,,,,,,,,,,,,,,,,,,,,,,,,,,,,,,,,,,,,,,,,,,,,,,,,,,,,,,,,,
2.5775642,0.04889371,0.126026677,2.5776268,0.01927319,0.049679091,2.5776096,0.01245568,0.03210588,2.5773776,0.048717344,0.125562991,2.5775326,0.012322684,0.03176212,2.577519,0.019082196,0.049184723,2.5773588,0.04888558,0.12599568,2.577468,0.019021218,0.049026581,2.577485,0.012574528,0.032410657,,,,,,,,,,,,,,,,,,,,,,,,,,,,,,,,,,,,,,,,,,,,,,,,,,,,,,,,,,,,,,,,,,
2.6178394,0.04889838,0.128008106,2.6179106,0.019269798,0.050446608,2.6178922,0.012455516,0.032607198,2.6176632,0.048723044,0.127540519,2.6178158,0.012334076,0.032288339,2.6178034,0.019092036,0.049979197,2.6176428,0.048785796,0.127703788,2.6177466,0.018990058,0.04971116,2.6177682,0.012559288,0.032877305,,,,,,,,,,,,,,,,,,,,,,,,,,,,,,,,,,,,,,,,,,,,,,,,,,,,,,,,,,,,,,,,,,
2.65813,0.048867624,0.129896497,2.6582036,0.019253016,0.051178436,2.6581868,0.012450562,0.03309592,2.6579594,0.048790054,0.129681983,2.6581082,0.012333354,0.032783389,2.658098,0.019098946,0.05076687,2.6579402,0.048721318,0.12949835,2.6580402,0.018968058,0.050417861,2.658065,0.012544844,0.033345011,,,,,,,,,,,,,,,,,,,,,,,,,,,,,,,,,,,,,,,,,,,,,,,,,,,,,,,,,,,,,,,,,,
2.698423,0.04885359,0.131827651,2.698496,0.01923652,0.051909672,2.6984738,0.012443174,0.033577579,2.698256,0.048749968,0.131539894,2.6984008,0.01232896,0.033268476,2.69839,0.019086088,0.051501709,2.698233,0.048708154,0.131425948,2.6983348,0.018952528,0.051140266,2.6983588,0.01253236,0.033816804,,,,,,,,,,,,,,,,,,,,,,,,,,,,,,,,,,,,,,,,,,,,,,,,,,,,,,,,,,,,,,,,,,
2.7387234,0.048818366,0.133700001,2.7387948,0.019235864,0.052683084,2.7387756,0.012435614,0.034058356,2.738553,0.04870955,0.133393684,2.7387,0.012325262,0.033755195,2.7386904,0.01907111,0.052229866,2.7385282,0.048707772,0.133387607,2.7386404,0.018958828,0.051921412,2.7386602,0.012522314,0.034294363,,,,,,,,,,,,,,,,,,,,,,,,,,,,,,,,,,,,,,,,,,,,,,,,,,,,,,,,,,,,,,,,,,
2.7790938,0.048753636,0.135490928,2.7791674,0.019223338,0.053424874,2.7791512,0.01243629,0.03456233,2.7789254,0.04872378,0.13539975,2.7790726,0.01232866,0.034262241,2.779061,0.019066354,0.052986561,2.7789006,0.048698568,0.13532848,2.7790128,0.018960606,0.052691767,2.779035,0.01252125,0.034796992,,,,,,,,,,,,,,,,,,,,,,,,,,,,,,,,,,,,,,,,,,,,,,,,,,,,,,,,,,,,,,,,,,
2.8194092,0.048759984,0.137474347,2.819479,0.019216612,0.054180834,2.8194652,0.012432166,0.035052059,2.819236,0.048669374,0.137210451,2.8193852,0.012328516,0.034758836,2.8193716,0.019058492,0.053732971,2.8192158,0.048722904,0.137360381,2.819328,0.018985976,0.053527694,2.8193488,0.012510456,0.035271339,,,,,,,,,,,,,,,,,,,,,,,,,,,,,,,,,,,,,,,,,,,,,,,,,,,,,,,,,,,,,,,,,,
2.8596302,0.048738284,0.139373469,2.859699,0.01920793,0.054928898,2.8596842,0.01242336,0.035526886,2.859454,0.04861808,0.139021163,2.859607,0.012337732,0.035281065,2.8595904,0.01905059,0.054476884,2.859436,0.048731384,0.139344274,2.8595478,0.018996228,0.054320622,2.8595668,0.01250369,0.035755137,,,,,,,,,,,,,,,,,,,,,,,,,,,,,,,,,,,,,,,,,,,,,,,,,,,,,,,,,,,,,,,,,,
2.8999296,0.048706658,0.141245879,2.899996,0.019193058,0.055659791,2.8999896,0.012419486,0.03601638,2.8997532,0.048640186,0.141044535,2.8999082,0.01233393,0.035767265,2.8998896,0.01905416,0.05525496,2.8997318,0.048731682,0.141308808,2.8998478,0.019000588,0.055098813,2.899868,0.012488698,0.036215576,,,,,,,,,,,,,,,,,,,,,,,,,,,,,,,,,,,,,,,,,,,,,,,,,,,,,,,,,,,,,,,,,,
2.9401456,0.048600516,0.142892593,2.9402128,0.019169296,0.056361809,2.9402072,0.0124179,0.036511199,2.9399708,0.048654602,0.143043109,2.940127,0.012325068,0.036237265,2.940106,0.019039362,0.055977742,2.93995,0.048734832,0.143277969,2.9400624,0.018994256,0.055844298,2.9400854,0.012481116,0.036695547,,,,,,,,,,,,,,,,,,,,,,,,,,,,,,,,,,,,,,,,,,,,,,,,,,,,,,,,,,,,,,,,,,
2.9804434,0.0485457,0.144687711,2.9805104,0.019155176,0.057092201,2.9805014,0.01241031,0.036988946,2.9802658,0.048625396,0.144916605,2.9804216,0.012318422,0.036714091,2.9803994,0.019033592,0.056727706,2.9802494,0.048785574,0.145393178,2.9803582,0.018983928,0.056578905,2.9803834,0.012467868,0.037159027,,,,,,,,,,,,,,,,,,,,,,,,,,,,,,,,,,,,,,,,,,,,,,,,,,,,,,,,,,,,,,,,,,
3.020587,0.048485862,0.146455764,3.0206546,0.01915042,0.057846804,3.020647,0.012406698,0.037476255,3.0204148,0.048608318,0.146817283,3.0205678,0.012307026,0.037174206,3.0205456,0.019016142,0.057439124,3.0203958,0.048796514,0.147384786,3.0205036,0.018983562,0.057339917,3.0205326,0.012462112,0.037642216,,,,,,,,,,,,,,,,,,,,,,,,,,,,,,,,,,,,,,,,,,,,,,,,,,,,,,,,,,,,,,,,,,
3.0608774,0.048441848,0.148274558,3.0609472,0.019140086,0.058586793,3.0609402,0.012400616,0.037957544,3.0607086,0.048559832,0.148627495,3.0608612,0.012307622,0.037671923,3.0608386,0.019018192,0.058211616,3.0606882,0.048786202,0.149319353,3.0607936,0.018998576,0.05815072,3.060828,0.012453834,0.038119044,,,,,,,,,,,,,,,,,,,,,,,,,,,,,,,,,,,,,,,,,,,,,,,,,,,,,,,,,,,,,,,,,,
3.1010168,0.048393248,0.150068275,3.10109,0.019137678,0.059347662,3.1010776,0.012396002,0.038440964,3.1008556,0.048477956,0.150323141,3.1010044,0.012299464,0.038140692,3.1009794,0.019020858,0.058983289,3.1008318,0.048772002,0.151233775,3.1009344,0.018997932,0.058911341,3.1009688,0.01244481,0.038590968,,,,,,,,,,,,,,,,,,,,,,,,,,,,,,,,,,,,,,,,,,,,,,,,,,,,,,,,,,,,,,,,,,
3.14131,0.048382512,0.151984469,3.1413778,0.019125996,0.060081979,3.1413654,0.012401062,0.038956267,3.1411452,0.048386822,0.151990034,3.1412956,0.012304124,0.038650891,3.1412698,0.019036926,0.059800121,3.1411268,0.048705424,0.152989913,3.1412248,0.018996882,0.059673477,3.1412596,0.012441214,0.039081083,,,,,,,,,,,,,,,,,,,,,,,,,,,,,,,,,,,,,,,,,,,,,,,,,,,,,,,,,,,,,,,,,,
3.1814704,0.048346206,0.153812023,3.1815366,0.019127112,0.060853607,3.1815262,0.01239737,0.039442557,3.1813044,0.048307078,0.15367952,3.1814586,0.012306446,0.039152448,3.181434,0.01902804,0.060536453,3.181287,0.048648862,0.154765992,3.1813848,0.018996524,0.060435253,3.1814196,0.012433038,0.039554711,,,,,,,,,,,,,,,,,,,,,,,,,,,,,,,,,,,,,,,,,,,,,,,,,,,,,,,,,,,,,,,,,,
3.221836,0.048253352,0.155464387,3.2218984,0.019113232,0.061580892,3.2218844,0.012374344,0.039868706,3.2216634,0.048278304,0.155536445,3.22182,0.012308172,0.039654715,3.2217932,0.019027796,0.061303624,3.2216442,0.04862193,0.156642559,3.221744,0.01897632,0.061136845,3.2217806,0.0124215,0.040019348,,,,,,,,,,,,,,,,,,,,,,,,,,,,,,,,,,,,,,,,,,,,,,,,,,,,,,,,,,,,,,,,,,
3.2621222,0.048178156,0.157163032,3.262185,0.01910745,0.062332037,3.2621718,0.012361222,0.04032443,3.2619534,0.04826256,0.157430222,3.2621056,0.012293178,0.040101645,3.262078,0.019019958,0.062044587,3.2619296,0.048612062,0.158569124,3.2620318,0.01894796,0.061808848,3.2620658,0.012406262,0.040470043,,,,,,,,,,,,,,,,,,,,,,,,,,,,,,,,,,,,,,,,,,,,,,,,,,,,,,,,,,,,,,,,,,
3.3024794,0.048098284,0.158843592,3.3025414,0.01910629,0.063099314,3.302528,0.012363566,0.040831023,3.302308,0.048208478,0.159199243,3.3024606,0.01227578,0.04054028,3.302436,0.018999472,0.06274454,3.3022886,0.048576266,0.160412849,3.3023888,0.018958252,0.062607519,3.3024234,0.012407654,0.040975327,,,,,,,,,,,,,,,,,,,,,,,,,,,,,,,,,,,,,,,,,,,,,,,,,,,,,,,,,,,,,,,,,,
3.3427846,0.048024058,0.160534082,3.3428484,0.019112558,0.063890384,3.3428318,0.012363336,0.041328553,3.3426116,0.048137054,0.160903475,3.3427658,0.012265054,0.040999203,3.3427428,0.018995466,0.063496957,3.3425894,0.048537142,0.162239736,3.342696,0.018962556,0.06338606,3.342729,0.012406738,0.041472363,,,,,,,,,,,,,,,,,,,,,,,,,,,,,,,,,,,,,,,,,,,,,,,,,,,,,,,,,,,,,,,,,,
3.3831436,0.04798491,0.162339841,3.3832068,0.019103896,0.064632431,3.383184,0.012360778,0.041818786,3.382965,0.048041654,0.162523234,3.3831196,0.012262816,0.041486573,3.383097,0.018987046,0.064235018,3.3829436,0.048473594,0.163983435,3.3830528,0.018960814,0.064145435,3.3830866,0.012397516,0.04194187,,,,,,,,,,,,,,,,,,,,,,,,,,,,,,,,,,,,,,,,,,,,,,,,,,,,,,,,,,,,,,,,,,
3.4234354,0.047917886,0.164043787,3.4235098,0.019091254,0.065359095,3.423484,0.012353278,0.04229125,3.4232634,0.047900094,0.163974639,3.423415,0.012257406,0.041962188,3.4233946,0.018976344,0.064963514,3.423248,0.04835704,0.16553814,3.423352,0.018957618,0.064898599,3.4233836,0.012394144,0.042429909,,,,,,,,,,,,,,,,,,,,,,,,,,,,,,,,,,,,,,,,,,,,,,,,,,,,,,,,,,,,,,,,,,
3.4636606,0.047817662,0.165624152,3.4637362,0.019085894,0.066108502,3.4637054,0.01232371,0.042685701,3.4634888,0.047762192,0.165423817,3.463637,0.012246716,0.042418179,3.463618,0.018941792,0.065607132,3.4634782,0.04823541,0.167062291,3.4635762,0.018930802,0.065568275,3.4636098,0.012399758,0.042947923,,,,,,,,,,,,,,,,,,,,,,,,,,,,,,,,,,,,,,,,,,,,,,,,,,,,,,,,,,,,,,,,,,
3.5039746,0.04768917,0.16710164,3.5040446,0.019071912,0.06682883,3.5040194,0.01228736,0.043055148,3.503801,0.04766098,0.166994589,3.5039484,0.012233782,0.042866541,3.5039292,0.018925786,0.066314614,3.503787,0.048160242,0.16874323,3.503888,0.01888563,0.066173132,3.5039228,0.012384162,0.043393148,,,,,,,,,,,,,,,,,,,,,,,,,,,,,,,,,,,,,,,,,,,,,,,,,,,,,,,,,,,,,,,,,,
3.544124,0.047580882,0.168632546,3.5441916,0.019047962,0.067509627,3.5441664,0.012257978,0.043444314,3.5439506,0.047551514,0.168520217,3.5440952,0.012206776,0.043261976,3.544072,0.018900094,0.066983294,3.5439332,0.048076578,0.170380181,3.544032,0.018843478,0.066781889,3.544068,0.01237104,0.043843807,,,,,,,,,,,,,,,,,,,,,,,,,,,,,,,,,,,,,,,,,,,,,,,,,,,,,,,,,,,,,,,,,,
3.5844168,0.047409012,0.169933659,3.5844862,0.01902336,0.068188971,3.5844622,0.01222423,0.04381729,3.584246,0.047439466,0.170034716,3.5843892,0.012163702,0.043599442,3.5843636,0.018874456,0.067652913,3.5842272,0.047991316,0.17201178,3.5843256,0.01881917,0.067454033,3.5843612,0.01235736,0.044293242,,,,,,,,,,,,,,,,,,,,,,,,,,,,,,,,,,,,,,,,,,,,,,,,,,,,,,,,,,,,,,,,,,
3.6245666,0.047275034,0.171351509,3.6246326,0.019007002,0.068893399,3.6246082,0.012195562,0.044204134,3.6243908,0.047365002,0.171669277,3.624537,0.012119502,0.043927583,3.62451,0.018840112,0.068286174,3.6243732,0.047887896,0.173563607,3.624471,0.018804816,0.06815751,3.6245082,0.01234851,0.044757276,,,,,,,,,,,,,,,,,,,,,,,,,,,,,,,,,,,,,,,,,,,,,,,,,,,,,,,,,,,,,,,,,,
3.664861,0.047150794,0.172801106,3.6649234,0.018992036,0.069604357,3.6649014,0.012167036,0.044590987,3.6646796,0.04724292,0.173130165,3.664831,0.012081122,0.04427527,3.6648018,0.018816396,0.068958362,3.6646644,0.047778224,0.175091157,3.6647628,0.018791056,0.068864763,3.664801,0.012324332,0.045166224,,,,,,,,,,,,,,,,,,,,,,,,,,,,,,,,,,,,,,,,,,,,,,,,,,,,,,,,,,,,,,,,,,
3.7050142,0.046996846,0.174123982,3.7050854,0.018957354,0.070238616,3.7050538,0.012127712,0.044933825,3.7048266,0.047112618,0.17454408,3.7049852,0.01206381,0.044696238,3.704953,0.018778026,0.069571704,3.7048184,0.047642358,0.176506285,3.7049166,0.01877268,0.069551214,3.7049544,0.012301498,0.045576489,,,,,,,,,,,,,,,,,,,,,,,,,,,,,,,,,,,,,,,,,,,,,,,,,,,,,,,,,,,,,,,,,,
3.7453734,0.04685662,0.175495538,3.7454476,0.018924494,0.070880701,3.7454108,0.012065562,0.045190486,3.745183,0.04696625,0.175897201,3.7453424,0.012025204,0.045038506,3.7453118,0.018721786,0.070118926,3.7451792,0.04747117,0.177788038,3.745275,0.01873975,0.070185517,3.7453134,0.012266638,0.045942404,,,,,,,,,,,,,,,,,,,,,,,,,,,,,,,,,,,,,,,,,,,,,,,,,,,,,,,,,,,,,,,,,,
3.785663,0.046673354,0.176689589,3.785737,0.018884064,0.0714901,3.7856966,0.01200377,0.045442631,3.7854774,0.046817312,0.177225877,3.7856312,0.011979314,0.045349265,3.785601,0.018666492,0.070663891,3.785468,0.047256368,0.178887469,3.7855638,0.01868561,0.070735569,3.7856042,0.012233446,0.046310985,,,,,,,,,,,,,,,,,,,,,,,,,,,,,,,,,,,,,,,,,,,,,,,,,,,,,,,,,,,,,,,,,,
3.8260194,0.046504284,0.177926293,3.82609,0.018811284,0.071973666,3.826053,0.01193529,0.045665052,3.8258358,0.046640328,0.178438237,3.825988,0.01192607,0.045629001,3.825955,0.01857936,0.071083795,3.8258256,0.047095128,0.180177746,3.8259188,0.01862201,0.071246298,3.8259592,0.0121921,0.046646477,,,,,,,,,,,,,,,,,,,,,,,,,,,,,,,,,,,,,,,,,,,,,,,,,,,,,,,,,,,,,,,,,,
3.8663182,0.046297808,0.179002058,3.8663894,0.018732778,0.072428214,3.8663518,0.011859088,0.045851406,3.8661302,0.046462696,0.179630832,3.8662852,0.01185722,0.045843394,3.8662502,0.01849639,0.071511672,3.8661222,0.046904828,0.181339797,3.866217,0.018562016,0.071764782,3.8662542,0.012157726,0.047004859,,,,,,,,,,,,,,,,,,,,,,,,,,,,,,,,,,,,,,,,,,,,,,,,,,,,,,,,,,,,,,,,,,
3.9066688,0.046081386,0.180024713,3.9067308,0.018673434,0.07295208,3.9066968,0.011779804,0.046020123,3.9064798,0.046332142,0.180995577,3.9066302,0.011781588,0.046026307,3.9065952,0.018423004,0.071971219,3.9064664,0.046724966,0.18252951,3.906562,0.018509484,0.072308447,3.906599,0.012115612,0.047330838,,,,,,,,,,,,,,,,,,,,,,,,,,,,,,,,,,,,,,,,,,,,,,,,,,,,,,,,,,,,,,,,,,
3.9469562,0.045793812,0.18074617,3.9470128,0.01860764,0.073444593,3.946986,0.011693178,0.04615281,3.94677,0.046134386,0.182081811,3.9469184,0.011703734,0.046193683,3.9468814,0.018344934,0.072405279,3.9467534,0.046556032,0.183745178,3.9468506,0.01842766,0.072731221,3.9468868,0.012058944,0.047595287,,,,,,,,,,,,,,,,,,,,,,,,,,,,,,,,,,,,,,,,,,,,,,,,,,,,,,,,,,,,,,,,,,
3.9870942,0.045572894,0.181703421,3.9871502,0.01852376,0.073857013,3.9871296,0.011598522,0.04624481,3.9869048,0.045906458,0.183024678,3.9870556,0.01161585,0.04631304,3.9870202,0.018247174,0.072751851,3.9868998,0.046375308,0.184893706,3.9869874,0.018342784,0.073132449,3.9870224,0.011992604,0.047814781,,,,,,,,,,,,,,,,,,,,,,,,,,,,,,,,,,,,,,,,,,,,,,,,,,,,,,,,,,,,,,,,,,
4.027395,0.045263442,0.18229376,4.0274486,0.01844959,0.074304775,4.0274276,0.011493634,0.046289779,4.027202,0.04562461,0.183739521,4.0273542,0.011519556,0.046393332,4.0273214,0.018130596,0.073017737,4.027197,0.046179266,0.185973001,4.0272866,0.018243318,0.07347107,4.0273196,0.011912726,0.047976355,,,,,,,,,,,,,,,,,,,,,,,,,,,,,,,,,,,,,,,,,,,,,,,,,,,,,,,,,,,,,,,,,,
4.0675432,0.044946172,0.182820496,4.067592,0.01835453,0.074658739,4.0675708,0.011373498,0.046262508,4.0673536,0.045364556,0.18451369,4.0674978,0.011424234,0.046468047,4.067468,0.01801107,0.073259451,4.0673386,0.045915268,0.186752942,4.0674294,0.018109464,0.073658966,4.0674644,0.011820354,0.048078869,,,,,,,,,,,,,,,,,,,,,,,,,,,,,,,,,,,,,,,,,,,,,,,,,,,,,,,,,,,,,,,,,,
4.107834,0.044618234,0.183284299,4.107891,0.018238732,0.074922723,4.1078658,0.011239052,0.046168517,4.1076432,0.045057636,0.185080692,4.1077914,0.011307044,0.046446978,4.1077584,0.01785558,0.073346409,4.107635,0.045591706,0.187274087,4.1077214,0.017982718,0.073867996,4.1077582,0.01170476,0.048080324,,,,,,,,,,,,,,,,,,,,,,,,,,,,,,,,,,,,,,,,,,,,,,,,,,,,,,,,,,,,,,,,,,
4.1479844,0.044277326,0.183661658,4.148046,0.018099502,0.075077567,4.1480178,0.011094362,0.046019611,4.1477924,0.044776198,0.185722374,4.1479422,0.011167582,0.046322485,4.1479104,0.017671192,0.073298521,4.1477884,0.045264732,0.18774853,4.147874,0.017865478,0.074103752,4.1479102,0.011595802,0.048098345,,,,,,,,,,,,,,,,,,,,,,,,,,,,,,,,,,,,,,,,,,,,,,,,,,,,,,,,,,,,,,,,,,
4.188366,0.043874734,0.183763444,4.18842,0.017943578,0.075155241,4.18839,0.01092063,0.045739857,4.1881682,0.044464656,0.186225458,4.1883166,0.011018356,0.046148363,4.1882892,0.01748005,0.073211505,4.1881592,0.044928784,0.1881689,4.1882534,0.017730512,0.074259877,4.1882864,0.011481024,0.048085817,,,,,,,,,,,,,,,,,,,,,,,,,,,,,,,,,,,,,,,,,,,,,,,,,,,,,,,,,,,,,,,,,,
4.2285194,0.043458118,0.183763495,4.2285708,0.01778408,0.075201241,4.228542,0.010736154,0.045398278,4.228324,0.044124448,0.186572462,4.2284662,0.01085744,0.045910318,4.2284388,0.017312448,0.073204627,4.2283142,0.044620012,0.18866743,4.2284092,0.017571978,0.074301513,4.2284384,0.011347896,0.047983879,,,,,,,,,,,,,,,,,,,,,,,,,,,,,,,,,,,,,,,,,,,,,,,,,,,,,,,,,,,,,,,,,,
4.268888,0.043030216,0.183691173,4.268938,0.017612636,0.075187251,4.2689102,0.010537908,0.044985383,4.2686868,0.043735542,0.186693331,4.2688334,0.01067122,0.04555366,4.2688044,0.01711358,0.073054526,4.268691,0.044266172,0.18895861,4.268779,0.017400626,0.074279427,4.2688044,0.01119615,0.047794174,,,,,,,,,,,,,,,,,,,,,,,,,,,,,,,,,,,,,,,,,,,,,,,,,,,,,,,,,,,,,,,,,,
4.3091878,0.042517628,0.183216444,4.3092356,0.017419908,0.075066488,4.3092078,0.010300183,0.044385628,4.3089872,0.043296442,0.186563814,4.309134,0.01046777,0.045107024,4.3091074,0.016891564,0.072787563,4.3089934,0.04385561,0.188973534,4.309077,0.017192796,0.074085082,4.3091036,0.011025544,0.047510211,,,,,,,,,,,,,,,,,,,,,,,,,,,,,,,,,,,,,,,,,,,,,,,,,,,,,,,,,,,,,,,,,,
4.3495526,0.041972192,0.182560257,4.349597,0.017193618,0.074785309,4.3495638,0.0100355,0.043650047,4.349352,0.042855436,0.186393376,4.3494938,0.010250672,0.044585234,4.3494688,0.016641746,0.072382755,4.349353,0.043455514,0.18900337,4.3494366,0.016950476,0.073725021,4.3494632,0.010832252,0.047114481,,,,,,,,,,,,,,,,,,,,,,,,,,,,,,,,,,,,,,,,,,,,,,,,,,,,,,,,,,,,,,,,,,
4.3898502,0.041353458,0.181535486,4.389889,0.016943306,0.074379233,4.389858,0.009728709,0.04270765,4.3896528,0.042314402,0.185745533,4.3897914,0.010011169,0.043946943,4.3897616,0.016360646,0.071819336,4.3896522,0.042985872,0.188693028,4.3897274,0.016662722,0.073144807,4.3897576,0.01061225,0.046585205,,,,,,,,,,,,,,,,,,,,,,,,,,,,,,,,,,,,,,,,,,,,,,,,,,,,,,,,,,,,,,,,,,
4.4301468,0.040690936,0.18026682,4.430183,0.01664299,0.073731491,4.430152,0.009373145,0.041524459,4.4299464,0.041744982,0.184928033,4.4300834,0.009720424,0.043062289,4.4300552,0.016013364,0.070940086,4.429942,0.04241831,0.187910653,4.430016,0.016360076,0.072475398,4.4300504,0.010375852,0.045965549,,,,,,,,,,,,,,,,,,,,,,,,,,,,,,,,,,,,,,,,,,,,,,,,,,,,,,,,,,,,,,,,,,
4.470435,0.039975794,0.178709189,4.4704696,0.016299156,0.072864881,4.470439,0.008964115,0.040073531,4.4702372,0.041110122,0.183771997,4.4703738,0.009390969,0.04198114,4.4703464,0.015618582,0.069820472,4.4702248,0.04182734,0.186977613,4.4703072,0.016042064,0.071712954,4.4703438,0.010104485,0.045170523,,,,,,,,,,,,,,,,,,,,,,,,,,,,,,,,,,,,,,,,,,,,,,,,,,,,,,,,,,,,,,,,,,
4.5105812,0.039232002,0.176959131,4.5106072,0.015909508,0.071761541,4.510582,0.00850032,0.038341389,4.5103854,0.040414296,0.182284051,4.510514,0.009019464,0.04068242,4.51049,0.01517302,0.068437755,4.5103672,0.04124353,0.186023465,4.5104508,0.01567297,0.07069216,4.5104852,0.009810277,0.044249107,,,,,,,,,,,,,,,,,,,,,,,,,,,,,,,,,,,,,,,,,,,,,,,,,,,,,,,,,,,,,,,,,,
4.5508862,0.038432978,0.174904109,4.5509126,0.015491406,0.070500035,4.5508882,0.007973003,0.036284247,4.5506888,0.039672312,0.180536346,4.5508152,0.008605817,0.039163483,4.5507942,0.014672162,0.06676999,4.5506706,0.0405645,0.184595678,4.55075,0.015244782,0.069375192,4.5507856,0.009464079,0.043068993,,,,,,,,,,,,,,,,,,,,,,,,,,,,,,,,,,,,,,,,,,,,,,,,,,,,,,,,,,,,,,,,,,
4.5910256,0.037510396,0.172211188,4.5910592,0.015001584,0.06887316,4.5910372,0.007371199,0.03384145,4.5908342,0.038889936,0.178537248,4.5909604,0.008112106,0.037242356,4.5909378,0.014088684,0.064680272,4.5908138,0.039819414,0.182803515,4.5908978,0.014767084,0.067794173,4.5909302,0.009065148,0.041617464,,,,,,,,,,,,,,,,,,,,,,,,,,,,,,,,,,,,,,,,,,,,,,,,,,,,,,,,,,,,,,,,,,
4.6313844,0.036478272,0.1689449,4.6314206,0.014421372,0.066791439,4.6313952,0.006648779,0.030793123,4.631193,0.038057506,0.176251655,4.6313234,0.007555842,0.034993549,4.6312984,0.013424572,0.062173199,4.631171,0.039003832,0.180633416,4.6312584,0.014227168,0.065889691,4.63129,0.008603329,0.03984451,,,,,,,,,,,,,,,,,,,,,,,,,,,,,,,,,,,,,,,,,,,,,,,,,,,,,,,,,,,,,,,,,,
4.671536,0.035327726,0.165034744,4.6715712,0.013742976,0.064201291,4.6715426,0.005811128,0.027146932,4.6713408,0.03713042,0.173448846,4.6714724,0.006900981,0.032237742,4.6714462,0.012658128,0.059131764,4.671316,0.038130374,0.178119026,4.6714016,0.013574796,0.063413324,4.6714298,0.008076286,0.037727805,,,,,,,,,,,,,,,,,,,,,,,,,,,,,,,,,,,,,,,,,,,,,,,,,,,,,,,,,,,,,,,,,,
4.7119126,0.034067916,0.160525043,4.7119452,0.012962846,0.06108022,4.7119192,0.00484097,0.022810259,4.7117186,0.036084546,0.170020227,4.7118476,0.00614306,0.028945163,4.7118214,0.011769145,0.055454109,4.7116912,0.037153656,0.175056554,4.711778,0.012829744,0.060450906,4.7118048,0.007466862,0.035182394,,,,,,,,,,,,,,,,,,,,,,,,,,,,,,,,,,,,,,,,,,,,,,,,,,,,,,,,,,,,,,,,,,
4.752063,0.032693006,0.155359224,4.7520898,0.012053502,0.057279324,4.7520726,0.003715509,0.017656369,4.751871,0.034833862,0.165526019,4.7520002,0.005270433,0.0250451,4.7519704,0.010727957,0.050978932,4.7518454,0.036085852,0.17147439,4.7519304,0.01199651,0.057006581,4.7519598,0.006766221,0.032152809,,,,,,,,,,,,,,,,,,,,,,,,,,,,,,,,,,,,,,,,,,,,,,,,,,,,,,,,,,,,,,,,,,
4.7924328,0.031230472,0.149669938,4.7924604,0.01102061,0.052815836,4.7924412,0.002407682,0.011538674,4.7922344,0.033502436,0.160551526,4.7923668,0.004252848,0.020381208,4.7923398,0.009559798,0.045813799,4.7922122,0.034945386,0.167465705,4.7922982,0.011052485,0.052966806,4.7923282,0.005964783,0.028585196,,,,,,,,,,,,,,,,,,,,,,,,,,,,,,,,,,,,,,,,,,,,,,,,,,,,,,,,,,,,,,,,,,
4.8326076,0.029636868,0.143223354,4.832633,0.009850567,0.047604177,4.8326186,0.000925505,0.004472613,4.8324088,0.032065236,0.154952329,4.8325382,0.003086466,0.014915463,4.8325128,0.00825384,0.039886786,4.8323874,0.033683478,0.162771615,4.8324688,0.00994622,0.048064799,4.832499,0.005042866,0.024369643,,,,,,,,,,,,,,,,,,,,,,,,,,,,,,,,,,,,,,,,,,,,,,,,,,,,,,,,,,,,,,,,,,
4.8729136,0.02785958,0.135757326,4.872937,0.008499881,0.041419383,4.8729298,-0.000770369,-0.003753954,4.8727184,0.030529988,0.148764034,4.872845,0.001746586,0.008510843,4.872818,0.006758708,0.032933954,4.872699,0.032242898,0.157109937,4.8727764,0.008721643,0.042498614,4.8728094,0.003977194,0.019380109,,,,,,,,,,,,,,,,,,,,,,,,,,,,,,,,,,,,,,,,,,,,,,,,,,,,,,,,,,,,,,,,,,
4.9132182,0.025919854,0.127349898,4.913245,0.006930053,0.034049048,4.9132366,-0.002722531,-0.013376441,4.9130196,0.028851946,0.141750176,4.9131526,0.000202406,0.00099445,4.9131222,0.005035043,0.024737782,4.9130046,0.030654578,0.150606083,4.9130812,0.00731214,0.035925136,4.913111,0.002753731,0.013529388,,,,,,,,,,,,,,,,,,,,,,,,,,,,,,,,,,,,,,,,,,,,,,,,,,,,,,,,,,,,,,,,,,
4.9535266,0.023781928,0.117804413,4.9535546,0.005145842,0.025490208,4.9535492,-0.004937142,-0.024456376,4.9533268,0.027002578,0.133752593,4.9534622,-0.001582625,-0.007839475,4.9534348,0.003090608,0.015309127,4.9533112,0.028909904,0.143199751,4.95339,0.005678493,0.028127788,4.953417,0.001333323,0.006604505,,,,,,,,,,,,,,,,,,,,,,,,,,,,,,,,,,,,,,,,,,,,,,,,,,,,,,,,,,,,,,,,,,
4.9938338,0.021385308,0.106794674,4.993863,0.0031322,0.015641779,4.9938618,-0.007450708,-0.037207804,4.9936344,0.024925432,0.124468495,4.9937722,-0.003606233,-0.018008706,4.9937448,0.000870919,0.004349149,4.9936136,0.026991636,0.134785801,4.9936988,0.003811505,0.019033509,4.993725,-0.000281653,-0.001406496,,,,,,,,,,,,,,,,,,,,,,,,,,,,,,,,,,,,,,,,,,,,,,,,,,,,,,,,,,,,,,,,,,
5.034122,0.018776824,0.094524823,5.0341526,0.00085617,0.00431009,5.0341512,-0.010282937,-0.051765861,5.0339244,0.022620184,0.113868296,5.034061,-0.005914058,-0.029771731,5.0340348,-0.001622611,-0.008168281,5.033903,0.024858514,0.125135348,5.0339878,0.001728049,0.008698977,5.0340108,-0.002137208,-0.010758728,,,,,,,,,,,,,,,,,,,,,,,,,,,,,,,,,,,,,,,,,,,,,,,,,,,,,,,,,,,,,,,,,,
5.0744976,0.01587093,0.080536998,5.0745378,-0.001719181,-0.008724051,5.0745286,-0.013489486,-0.068452783,5.0742996,0.02003207,0.101648725,5.074438,-0.008526942,-0.04326944,5.074412,-0.004437013,-0.022515234,5.0742738,0.022583634,0.114595542,5.074363,-0.000647603,-0.003286172,5.0743866,-0.004252969,-0.021581208,,,,,,,,,,,,,,,,,,,,,,,,,,,,,,,,,,,,,,,,,,,,,,,,,,,,,,,,,,,,,,,,,,
5.1146508,0.012657064,0.06473646,5.114692,-0.004573702,-0.023393076,5.1146886,-0.017067561,-0.087295259,5.114452,0.017159904,0.087763505,5.1145914,-0.011483319,-0.058732483,5.1145678,-0.007584709,-0.03879251,5.1144232,0.020069978,0.102646361,5.1145174,-0.003319447,-0.016977368,5.114539,-0.006650981,-0.0340167,,,,,,,,,,,,,,,,,,,,,,,,,,,,,,,,,,,,,,,,,,,,,,,,,,,,,,,,,,,,,,,,,,
5.1550198,0.00903525,0.046576892,5.1550622,-0.007803583,-0.040227954,5.155057,-0.021103994,-0.108792292,5.1548172,0.014011051,0.072224405,5.1549594,-0.014840357,-0.07650144,5.1549356,-0.011114568,-0.057294884,5.1547894,0.017222854,0.088780185,5.1548836,-0.006327726,-0.03261869,5.154902,-0.009394095,-0.048425641,,,,,,,,,,,,,,,,,,,,,,,,,,,,,,,,,,,,,,,,,,,,,,,,,,,,,,,,,,,,,,,,,,
5.1951802,0.005100647,0.026498779,5.1952168,-0.011448783,-0.059478909,5.195209,-0.025606394,-0.133030569,5.19497,0.010566367,0.054891957,5.195111,-0.018592672,-0.096590995,5.1950874,-0.015065265,-0.078265366,5.194944,0.014066717,0.073075806,5.1950318,-0.009690202,-0.050340906,5.19505,-0.012493745,-0.064905631,,,,,,,,,,,,,,,,,,,,,,,,,,,,,,,,,,,,,,,,,,,,,,,,,,,,,,,,,,,,,,,,,,
5.2355644,0.000681324,0.003567117,5.2355984,-0.0155447,-0.081385807,5.2355948,-0.030694938,-0.160706258,5.2353478,0.006779371,0.035492364,5.2354946,-0.022815144,-0.119448563,5.2354714,-0.019518468,-0.102188381,5.2353198,0.010574638,0.055361613,5.2354154,-0.013511044,-0.070735929,5.235432,-0.016049256,-0.084024786,,,,,,,,,,,,,,,,,,,,,,,,,,,,,,,,,,,,,,,,,,,,,,,,,,,,,,,,,,,,,,,,,,
5.2757262,-0.004150758,-0.021898264,5.2757518,-0.020109698,-0.106093775,5.2757642,-0.036352964,-0.191789666,5.2755096,0.002595455,0.01369235,5.2756542,-0.02755431,-0.145367011,5.275637,-0.024472182,-0.129106349,5.2754802,0.006704941,0.035371786,5.2755764,-0.017763879,-0.0937147,5.2755882,-0.020013804,-0.105584588,,,,,,,,,,,,,,,,,,,,,,,,,,,,,,,,,,,,,,,,,,,,,,,,,,,,,,,,,,,,,,,,,,
5.3161062,-0.009564727,-0.050847107,5.3161284,-0.025247086,-0.134216751,5.3161432,-0.04268638,-0.226926909,5.3158836,-0.002036233,-0.010824375,5.3160314,-0.032901962,-0.174907863,5.3160166,-0.030019578,-0.159584575,5.3158538,0.00241196,0.012821627,5.3159504,-0.022559844,-0.119927012,5.3159626,-0.024502532,-0.130254544,,,,,,,,,,,,,,,,,,,,,,,,,,,,,,,,,,,,,,,,,,,,,,,,,,,,,,,,,,,,,,,,,,
5.3562852,-0.015509984,-0.083075896,5.3563036,-0.030957124,-0.165815755,5.3563256,-0.04968481,-0.26612802,5.35606,-0.007184481,-0.038480512,5.3562076,-0.038832348,-0.207994117,5.3561946,-0.036169222,-0.193729392,5.3560234,-0.002303704,-0.012338693,5.3561288,-0.027881418,-0.149336466,5.3561374,-0.02949312,-0.157969203,,,,,,,,,,,,,,,,,,,,,,,,,,,,,,,,,,,,,,,,,,,,,,,,,,,,,,,,,,,,,,,,,,
5.396599,-0.022108271,-0.119309471,5.3966178,-0.037314498,-0.201372084,5.3966476,-0.05746018,-0.310092342,5.3963718,-0.012932111,-0.06978648,5.3965258,-0.045449678,-0.24527036,5.3965118,-0.043002286,-0.232062344,5.3963356,-0.007541493,-0.040696426,5.3964444,-0.033851122,-0.182675698,5.3964462,-0.035117548,-0.189509958,,,,,,,,,,,,,,,,,,,,,,,,,,,,,,,,,,,,,,,,,,,,,,,,,,,,,,,,,,,,,,,,,,
5.4369166,-0.029435848,-0.160040251,5.4369312,-0.044388088,-0.241334981,5.4369686,-0.066071676,-0.359229628,5.4366844,-0.019299005,-0.104922602,5.4368452,-0.05285453,-0.287361898,5.4368282,-0.050608248,-0.27514835,5.4366502,-0.013386864,-0.072779698,5.4367574,-0.040506314,-0.220223002,5.4367576,-0.041396358,-0.225061964,,,,,,,,,,,,,,,,,,,,,,,,,,,,,,,,,,,,,,,,,,,,,,,,,,,,,,,,,,,,,,,,,,
5.4772442,-0.037528142,-0.205550798,5.477256,-0.052219414,-0.286019099,5.4772976,-0.075557428,-0.413850519,5.4770016,-0.026323348,-0.144173019,5.4771696,-0.061069872,-0.334490046,5.4771514,-0.059028184,-0.323306301,5.4769704,-0.019855171,-0.108746186,5.47708,-0.04791356,-0.262426401,5.4770774,-0.04841562,-0.265176098,,,,,,,,,,,,,,,,,,,,,,,,,,,,,,,,,,,,,,,,,,,,,,,,,,,,,,,,,,,,,,,,,,
5.5175774,-0.046416272,-0.256105373,5.517588,-0.060900428,-0.336023471,5.5149352,-0.085209746,-0.469926228,5.5173302,-0.034124774,-0.188277646,5.517502,-0.070158886,-0.387101794,5.5174824,-0.068345396,-0.37709452,5.517296,-0.027075442,-0.149383228,5.5174086,-0.056148822,-0.309795993,5.5174048,-0.056243086,-0.310315873,,,,,,,,,,,,,,,,,,,,,,,,,,,,,,,,,,,,,,,,,,,,,,,,,,,,,,,,,,,,,,,,,,
5.5578962,-0.056173516,-0.312206571,5.5579078,-0.070482318,-0.391734225,5.5446104,-0.093196206,-0.516736653,5.5576436,-0.042727546,-0.237464473,5.557825,-0.080172082,-0.445582402,5.5578014,-0.07859317,-0.43680523,5.5576104,-0.035064348,-0.194873985,5.557723,-0.065248684,-0.362634112,5.55772,-0.064935804,-0.360895017,,,,,,,,,,,,,,,,,,,,,,,,,,,,,,,,,,,,,,,,,,,,,,,,,,,,,,,,,,,,,,,,,,
5.5983102,-0.066920444,-0.374641404,5.5983206,-0.08105193,-0.453754689,5.5662042,-0.099297418,-0.552709705,5.5980538,-0.052246538,-0.292478931,5.591582,-0.089162352,-0.498558603,5.592292,-0.087976258,-0.491988924,5.5980156,-0.043927014,-0.24590411,5.5981358,-0.0753343,-0.421731642,5.5981314,-0.07458788,-0.417552753,,,,,,,,,,,,,,,,,,,,,,,,,,,,,,,,,,,,,,,,,,,,,,,,,,,,,,,,,,,,,,,,,,
5.6385076,-0.078610662,-0.443246815,5.6307554,-0.090042346,-0.507006426,5.5795392,-0.103277454,-0.576240603,5.6382458,-0.06273146,-0.353695391,5.617166,-0.096313822,-0.541010726,5.6186122,-0.095487822,-0.536509042,5.6382072,-0.053608846,-0.302257782,5.6347382,-0.08526746,-0.480459814,5.6360218,-0.084490494,-0.476190266,,,,,,,,,,,,,,,,,,,,,,,,,,,,,,,,,,,,,,,,,,,,,,,,,,,,,,,,,,,,,,,,,,
5.6709462,-0.088571518,-0.502284313,5.6552374,-0.09715211,-0.549418246,5.5848646,-0.10500206,-0.586422288,5.678654,-0.074296244,-0.421902663,5.6348006,-0.101478414,-0.571810628,5.6369808,-0.100990232,-0.569279999,5.6786122,-0.064371178,-0.365538957,5.6633878,-0.093417194,-0.529057797,5.6659612,-0.092699298,-0.525230626,,,,,,,,,,,,,,,,,,,,,,,,,,,,,,,,,,,,,,,,,,,,,,,,,,,,,,,,,,,,,,,,,,
5.6952176,-0.096383964,-0.548927648,5.6715514,-0.102146584,-0.579329601,5.5846526,-0.10500208,-0.586400139,5.713616,-0.085047936,-0.485931248,5.6442518,-0.10442134,-0.589380336,5.6471042,-0.10420694,-0.588467449,5.7188034,-0.076112242,-0.435270948,5.683872,-0.099537372,-0.565757682,5.6877344,-0.098975382,-0.562945685,,,,,,,,,,,,,,,,,,,,,,,,,,,,,,,,,,,,,,,,,,,,,,,,,,,,,,,,,,,,,,,,,,
5.7115422,-0.101889032,-0.581943506,5.6797946,-0.10485008,-0.595526918,5.584412,-0.1050021,-0.586374987,5.7406298,-0.09370144,-0.537905279,5.6456712,-0.10500148,-0.592803832,5.6492194,-0.10500152,-0.593176624,5.7524602,-0.086583722,-0.498069415,5.6963664,-0.103499872,-0.589573193,5.7014414,-0.103164016,-0.588183592,,,,,,,,,,,,,,,,,,,,,,,,,,,,,,,,,,,,,,,,,,,,,,,,,,,,,,,,,,,,,,,,,,
5.7196522,-0.1048241,-0.599557394,5.6797908,-0.10500244,-0.596391893,5.5841196,-0.10500208,-0.586344173,5.7594698,-0.100029372,-0.576116147,5.64551,-0.10500146,-0.592786792,5.649057,-0.10500152,-0.593159572,5.7779428,-0.094899496,-0.54832386,5.7006546,-0.1050012,-0.598575574,5.7068972,-0.10500114,-0.599230712,,,,,,,,,,,,,,,,,,,,,,,,,,,,,,,,,,,,,,,,,,,,,,,,,,,,,,,,,,,,,,,,,,
5.719688,-0.10500304,-0.600584628,5.6794872,-0.10500246,-0.596360128,5.5838182,-0.10500208,-0.586312525,5.770341,-0.103887726,-0.599467605,5.6452732,-0.10500144,-0.592761815,5.6488468,-0.1050015,-0.593137387,5.7954698,-0.100939802,-0.584993574,5.7005702,-0.1050012,-0.598566712,5.7066266,-0.10500114,-0.599202299,,,,,,,,,,,,,,,,,,,,,,,,,,,,,,,,,,,,,,,,,,,,,,,,,,,,,,,,,,,,,,,,,,
5.7194328,-0.10500302,-0.600557717,5.6791446,-0.10500246,-0.596324154,5.583529,-0.10500208,-0.586282159,5.7729122,-0.10500132,-0.606163401,5.6449604,-0.10500142,-0.592728858,5.6484986,-0.1050015,-0.593100826,5.804757,-0.10435598,-0.605761105,5.7003938,-0.1050012,-0.598548189,5.7062866,-0.10500114,-0.599166598,,,,,,,,,,,,,,,,,,,,,,,,,,,,,,,,,,,,,,,,,,,,,,,,,,,,,,,,,,,,,,,,,,
5.719104,-0.10500302,-0.600523192,5.6787372,-0.10500248,-0.596281489,5.5832368,-0.10500208,-0.586251477,5.7726918,-0.1050013,-0.606140143,5.6445888,-0.10500142,-0.592689839,5.6482132,-0.1050015,-0.593070858,5.8059624,-0.10500124,-0.609633251,5.7000644,-0.1050012,-0.598513602,5.7058626,-0.10500114,-0.599122078,,,,,,,,,,,,,,,,,,,,,,,,,,,,,,,,,,,,,,,,,,,,,,,,,,,,,,,,,,,,,,,,,,
5.718609,-0.105003,-0.600471101,5.678396,-0.1050025,-0.596245776,5.582941,-0.1050021,-0.586220529,5.772337,-0.1050013,-0.606102889,5.64422,-0.1050014,-0.592651002,5.647692,-0.1050015,-0.593016132,5.805872,-0.1050012,-0.609623527,5.699886,-0.1050012,-0.59849487,5.705511,-0.1050012,-0.599085502,,,,,,,,,,,,,,,,,,,,,,,,,,,,,,,,,,,,,,,,,,,,,,,,,,,,,,,,,,,,,,,,,,
5.718241,-0.105003,-0.60043246,5.678072,-0.1050025,-0.596211755,5.582573,-0.1050021,-0.586181888,5.771975,-0.1050013,-0.606064879,5.64385,-0.1050014,-0.592612151,5.647621,-0.1050015,-0.593008676,5.805208,-0.1050013,-0.609554387,5.699121,-0.1050012,-0.598414544,5.705091,-0.1050011,-0.599040831,,,,,,,,,,,,,,,,,,,,,,,,,,,,,,,,,,,,,,,,,,,,,,,,,,,,,,,,,,,,,,,,,,
,,,,,,,,,,,,,,,,,,,,,,,,,,,,,,,,,,,,,,,,,,,,,,,,,,,,,,,,,,,,,,,,,,,,,,,,,,,,,,,,,,,,,,,,,,,,
,,,,,,,,,,,,,,,,,,,,,,,,,,,,,,,,,,,,,,,,,,,,,,,,,,,,,,,,,,,,,,,,,,,,,,,,,,,,,,,,,,,,,,,,,,,,
,,,,,,,,,,,,,,,,,,,,,,,,,,,,,,,,,,,,,,,,,,,,,,,,,,,,,,,,,,,,,,,,,,,,,,,,,,,,,,,,,,,,,,,,,,,,
,,,,,,,,,,,,,,,,,,,,,,,,,,,,,,,,,,,,,,,,,,,,,,,,,,,,,,,,,,,,,,,,,,,,,,,,,,,,,,,,,,,,,,,,,,,,
,,,,,,,,,,,,,,,,,,,,,,,,,,,,,,,,,,,,,,,,,,,,,,,,,,,,,,,,,,,,,,,,,,,,,,,,,,,,,,,,,,,,,,,,,,,,
,,,,,,,,,,,,,,,,,,,,,,,,,,,,,,,,,,,,,,,,,,,,,,,,,,,,,,,,,,,,,,,,,,,,,,,,,,,,,,,,,,,,,,,,,,,,
,,,,,,,,,,,,,,,,,,,,,,,,,,,,,,,,,,,,,,,,,,,,,,,,,,,,,,,,,,,,,,,,,,,,,,,,,,,,,,,,,,,,,,,,,,,,
,,,,,,,,,,,,,,,,,,,,,,,,,,,,,,,,,,,,,,,,,,,,,,,,,,,,,,,,,,,,,,,,,,,,,,,,,,,,,,,,,,,,,,,,,,,,
,,,,,,,,,,,,,,,,,,,,,,,,,,,,,,,,,,,,,,,,,,,,,,,,,,,,,,,,,,,,,,,,,,,,,,,,,,,,,,,,,,,,,,,,,,,,
,,,,,,,,,,,,,,,,,,,,,,,,,,,,,,,,,,,,,,,,,,,,,,,,,,,,,,,,,,,,,,,,,,,,,,,,,,,,,,,,,,,,,,,,,,,,
,,,,,,,,,,,,,,,,,,,,,,,,,,,,,,,,,,,,,,,,,,,,,,,,,,,,,,,,,,,,,,,,,,,,,,,,,,,,,,,,,,,,,,,,,,,,
,,,,,,,,,,,,,,,,,,,,,,,,,,,,,,,,,,,,,,,,,,,,,,,,,,,,,,,,,,,,,,,,,,,,,,,,,,,,,,,,,,,,,,,,,,,,
,,,,,,,,,,,,,,,,,,,,,,,,,,,,,,,,,,,,,,,,,,,,,,,,,,,,,,,,,,,,,,,,,,,,,,,,,,,,,,,,,,,,,,,,,,,,
,,,,,,,,,,,,,,,,,,,,,,,,,,,,,,,,,,,,,,,,,,,,,,,,,,,,,,,,,,,,,,,,,,,,,,,,,,,,,,,,,,,,,,,,,,,,
,,,,,,,,,,,,,,,,,,,,,,,,,,,,,,,,,,,,,,,,,,,,,,,,,,,,,,,,,,,,,,,,,,,,,,,,,,,,,,,,,,,,,,,,,,,,
,,,,,,,,,,,,,,,,,,,,,,,,,,,,,,,,,,,,,,,,,,,,,,,,,,,,,,,,,,,,,,,,,,,,,,,,,,,,,,,,,,,,,,,,,,,,
