Device,C1,,Device,C1(SV1),,Device,C1(SV2),,Device,C2,,Device,C3,,Device,C3(SV1),,Device,C3(SV2),,Device,C4,,Device,C5,,Device,C5(SV2),,Device,C5(SV1),,Device,C6,,,,,,,,,,,,,,,,,,,,,,,,,,,,,,,,,,,,,,,,,,,,,,,,,,,,,,,,,,,,,,,,,,,,,,
V [V] ,I [A],P [W],V [V] ,I [A],P [W],V [V] ,I [A],P [W],V [V] ,I [A],P [W],V [V] ,I [A],P [W],V [V] ,I [A],P [W],V [V] ,I [A],P [W],V [V] ,I [A],P [W],V [V] ,I [A],P [W],V [V] ,I [A],P [W],V [V] ,I [A],P [W],V [V] ,I [A],P [W],,,,,,,,,,,,,,,,,,,,,,,,,,,,,,,,,,,,,,,,,,,,,,,,,,,,,,,,,,,,,,,,,,,,,
0.000406265,0.04905115,1.99E-05,0.000511169,0.01902102,9.72E-06,0.000497818,0.01250212,6.22E-06,0.000320435,0.04946725,1.59E-05,0.000236511,0.04896411,1.16E-05,0.000310898,0.01928432,6.00E-06,0.000368118,0.01247755,4.59E-06,0.000270844,0.05004483,1.36E-05,0.000192642,0.0495165,9.54E-06,0.000328064,0.01257148,4.12E-06,0.00028801,0.01942432,5.59E-06,0.000183106,0.05013475,9.18E-06,,,,,,,,,,,,,,,,,,,,,,,,,,,,,,,,,,,,,,,,,,,,,,,,,,,,,,,,,,,,,,,,,,,,,
0.02043533,0.0492156,0.001005737,0.02054405,0.01903881,0.000391134,0.0205307,0.01252484,0.000257144,0.02035904,0.04945986,0.001006955,0.02026939,0.04888622,0.000990894,0.02036095,0.01931241,0.000393219,0.02038956,0.01241168,0.000253069,0.02029037,0.05017905,0.001018151,0.02022552,0.04931056,0.000997332,0.02036285,0.0125605,0.000255768,0.02033234,0.01948351,0.000396145,0.02022934,0.05008821,0.001013251,,,,,,,,,,,,,,,,,,,,,,,,,,,,,,,,,,,,,,,,,,,,,,,,,,,,,,,,,,,,,,,,,,,,,
0.040680313,0.049174818,0.002000447,0.040784834,0.019034208,0.000776307,0.040784454,0.01250401,0.000509969,0.040611649,0.049457444,0.002008548,0.040526578,0.048945154,0.00198358,0.040602114,0.01929442,0.000783394,0.04063988,0.012477092,0.000507068,0.040541075,0.050101264,0.002031159,0.040470122,0.049265672,0.001993788,0.040607069,0.012565318,0.000510241,0.040574646,0.019420804,0.000787992,0.040468597,0.050083786,0.002026821,,,,,,,,,,,,,,,,,,,,,,,,,,,,,,,,,,,,,,,,,,,,,,,,,,,,,,,,,,,,,,,,,,,,,
0.06079826,0.049201208,0.002991348,0.06090202,0.019036038,0.001159333,0.06090165,0.012497186,0.000761099,0.060730362,0.049413768,0.003000916,0.060640716,0.048954546,0.002968639,0.060718534,0.01929162,0.001171359,0.060752496,0.01245971,0.000756958,0.060654446,0.050087856,0.003038051,0.060586934,0.049229602,0.002982671,0.060721196,0.012548368,0.000761952,0.060694504,0.019406328,0.001177857,0.060586556,0.050036374,0.003031532,,,,,,,,,,,,,,,,,,,,,,,,,,,,,,,,,,,,,,,,,,,,,,,,,,,,,,,,,,,,,,,,,,,,,
0.080994414,0.049182204,0.003983484,0.08109893,0.019016666,0.001542231,0.08110161,0.012491742,0.0010131,0.080928794,0.04937431,0.003995803,0.080835718,0.048943378,0.003956373,0.080914684,0.019276928,0.001559787,0.080948644,0.012465886,0.001009097,0.080849452,0.050042268,0.00404589,0.08078537,0.049221314,0.003976362,0.080915826,0.012539744,0.001014664,0.080889136,0.019385964,0.001568114,0.080783088,0.049999462,0.004039111,,,,,,,,,,,,,,,,,,,,,,,,,,,,,,,,,,,,,,,,,,,,,,,,,,,,,,,,,,,,,,,,,,,,,
0.10110855,0.049154802,0.004969971,0.101214218,0.019008818,0.001923963,0.101213072,0.012497306,0.001264891,0.101038726,0.049362474,0.004987521,0.100947572,0.048927314,0.004939094,0.101027672,0.019261782,0.001945973,0.10106277,0.01246588,0.001259836,0.100962834,0.050003216,0.005048466,0.100898358,0.049234126,0.004967642,0.101028046,0.012530856,0.001265968,0.10100327,0.019390296,0.001958483,0.100894174,0.049985816,0.005043278,,,,,,,,,,,,,,,,,,,,,,,,,,,,,,,,,,,,,,,,,,,,,,,,,,,,,,,,,,,,,,,,,,,,,
0.121230314,0.049156772,0.005959291,0.121339408,0.019005532,0.00230612,0.121333688,0.01249936,0.001516593,0.121158964,0.04937342,0.005982032,0.121066658,0.048960318,0.005927462,0.12115097,0.019239916,0.002330934,0.121181858,0.012472392,0.001511428,0.121088792,0.05003546,0.006058733,0.12102203,0.049257142,0.005961199,0.121149426,0.012512002,0.001515822,0.121125412,0.019392956,0.00234898,0.121013266,0.04998255,0.006048552,,,,,,,,,,,,,,,,,,,,,,,,,,,,,,,,,,,,,,,,,,,,,,,,,,,,,,,,,,,,,,,,,,,,,
0.14134712,0.049169682,0.006949993,0.14145964,0.018994492,0.002686954,0.1414543,0.012500328,0.001768225,0.14128072,0.049376156,0.006975899,0.14118576,0.04895936,0.006912364,0.14126968,0.019228376,0.002716387,0.14129942,0.01247013,0.001762022,0.14120102,0.050070492,0.007070005,0.14114112,0.049280852,0.006955555,0.14127082,0.012507124,0.001766892,0.14124336,0.019371192,0.002736052,0.14113236,0.04994689,0.007049122,,,,,,,,,,,,,,,,,,,,,,,,,,,,,,,,,,,,,,,,,,,,,,,,,,,,,,,,,,,,,,,,,,,,,
0.16152458,0.049187546,0.007944998,0.16164282,0.018984866,0.003068767,0.16163862,0.012509378,0.002021999,0.16146428,0.049393024,0.007975209,0.1613697,0.048976558,0.007903332,0.1614544,0.019236366,0.003105796,0.1614826,0.012476056,0.002014666,0.16138,0.050033214,0.00807436,0.16131972,0.049223918,0.007940789,0.16145592,0.012514768,0.002020583,0.16142348,0.019362648,0.003125586,0.16131324,0.049899482,0.008049447,,,,,,,,,,,,,,,,,,,,,,,,,,,,,,,,,,,,,,,,,,,,,,,,,,,,,,,,,,,,,,,,,,,,,
0.18161278,0.049198054,0.008934995,0.1817356,0.01899357,0.003451808,0.18172988,0.012498234,0.002271303,0.18155286,0.049413108,0.008971091,0.18146514,0.048978592,0.008887907,0.18154526,0.019255902,0.003495818,0.18157576,0.012478004,0.002265703,0.18146934,0.050030262,0.009078959,0.1814083,0.049129174,0.00891244,0.1815487,0.012511934,0.002271525,0.18151434,0.019376168,0.003517052,0.18140296,0.04992441,0.009056436,,,,,,,,,,,,,,,,,,,,,,,,,,,,,,,,,,,,,,,,,,,,,,,,,,,,,,,,,,,,,,,,,,,,,
0.20171128,0.049217126,0.009927649,0.2018318,0.018993148,0.003833421,0.20183144,0.012484352,0.002519735,0.20164984,0.049381828,0.009957838,0.20156402,0.049010598,0.009878773,0.2016449,0.01925505,0.003882683,0.20167388,0.012470044,0.002514882,0.20156516,0.049995158,0.010077282,0.2015087,0.049083764,0.009890805,0.2016472,0.012512298,0.00252307,0.20161474,0.0193844,0.003908181,0.20149726,0.049966422,0.010068097,,,,,,,,,,,,,,,,,,,,,,,,,,,,,,,,,,,,,,,,,,,,,,,,,,,,,,,,,,,,,,,,,,,,,
0.22181398,0.04921321,0.010916178,0.2219326,0.0189886,0.004214189,0.22193338,0.012479422,0.0027696,0.22175482,0.049353134,0.010944295,0.22165872,0.04899387,0.010859919,0.2217411,0.019247454,0.004267952,0.22177086,0.01245956,0.002763167,0.22166328,0.04996379,0.011075138,0.2216133,0.049073008,0.010875231,0.22174914,0.012503266,0.002772588,0.22171438,0.019382246,0.004297323,0.2215992,0.049955232,0.011070039,,,,,,,,,,,,,,,,,,,,,,,,,,,,,,,,,,,,,,,,,,,,,,,,,,,,,,,,,,,,,,,,,,,,,
0.24199564,0.049184512,0.011902437,0.2421196,0.018982918,0.004596137,0.2421181,0.01246683,0.003018445,0.24193648,0.049346396,0.011938693,0.24184456,0.048994162,0.011848972,0.24192696,0.019234062,0.004653238,0.24195672,0.012453528,0.003013215,0.24184722,0.04994337,0.012078665,0.24179344,0.049082324,0.011867784,0.24193498,0.012488156,0.003021322,0.24189948,0.019388122,0.004689977,0.24178314,0.04989125,0.012062863,,,,,,,,,,,,,,,,,,,,,,,,,,,,,,,,,,,,,,,,,,,,,,,,,,,,,,,,,,,,,,,,,,,,,
0.26210826,0.0491345,0.012878558,0.26223106,0.018986092,0.004978743,0.2622307,0.012457472,0.003266732,0.26204756,0.049352828,0.012932788,0.26196176,0.048957728,0.012825053,0.26203956,0.019215498,0.005035221,0.26207046,0.012447578,0.003262142,0.26195984,0.049944802,0.013083532,0.26190872,0.049094316,0.012858229,0.2620472,0.012478408,0.003269932,0.26201362,0.019386456,0.005079516,0.26189576,0.049897956,0.013068063,,,,,,,,,,,,,,,,,,,,,,,,,,,,,,,,,,,,,,,,,,,,,,,,,,,,,,,,,,,,,,,,,,,,,
0.28222926,0.049110338,0.013860374,0.28234824,0.018984116,0.005360132,0.28235094,0.012461972,0.00351865,0.28216934,0.049362602,0.013928613,0.28208086,0.04894484,0.013806403,0.28216018,0.01918934,0.005414468,0.28218956,0.012444676,0.003511758,0.28208504,0.04994991,0.014090122,0.28203506,0.049099186,0.013847692,0.2821682,0.012463112,0.003516694,0.28213652,0.019386964,0.005469771,0.28201334,0.049920804,0.014078333,,,,,,,,,,,,,,,,,,,,,,,,,,,,,,,,,,,,,,,,,,,,,,,,,,,,,,,,,,,,,,,,,,,,,
0.30242578,0.04909595,0.014847881,0.30254402,0.018967826,0.005738602,0.30254556,0.012464532,0.003771089,0.30237006,0.049341798,0.014919482,0.30227166,0.048969762,0.014802171,0.3023529,0.019185402,0.005800762,0.30238648,0.012441128,0.003762029,0.3022831,0.049976662,0.0151071,0.30223008,0.049062696,0.014828223,0.3023636,0.012450222,0.003764494,0.30233192,0.019364664,0.005854556,0.30221292,0.04993192,0.015090071,,,,,,,,,,,,,,,,,,,,,,,,,,,,,,,,,,,,,,,,,,,,,,,,,,,,,,,,,,,,,,,,,,,,,
0.3226059,0.049078086,0.01583288,0.32272682,0.018972388,0.006122898,0.3227276,0.012456728,0.00402013,0.3225521,0.04933688,0.015913714,0.3224594,0.048979814,0.015794001,0.32253722,0.019198898,0.006192359,0.32257348,0.012430438,0.00400973,0.32246934,0.049985598,0.016118823,0.32241098,0.048994232,0.015796278,0.32254944,0.012454536,0.004017204,0.32251586,0.019342578,0.006238288,0.32239876,0.049940106,0.016100628,,,,,,,,,,,,,,,,,,,,,,,,,,,,,,,,,,,,,,,,,,,,,,,,,,,,,,,,,,,,,,,,,,,,,
0.34272042,0.049082294,0.016821504,0.3428383,0.018965356,0.00650205,0.34284364,0.012451606,0.004268954,0.34266434,0.04929661,0.01689219,0.34257544,0.048966234,0.016774629,0.3426525,0.01921927,0.006585531,0.34268646,0.012423696,0.004257432,0.34258424,0.049985756,0.017124332,0.3425293,0.04890965,0.016752988,0.34266548,0.01246544,0.004271476,0.34263074,0.019335576,0.006624963,0.34251328,0.049975548,0.017117289,,,,,,,,,,,,,,,,,,,,,,,,,,,,,,,,,,,,,,,,,,,,,,,,,,,,,,,,,,,,,,,,,,,,,
0.36282234,0.04909449,0.017812578,0.362941,0.018949546,0.006877567,0.36294596,0.01244542,0.004517015,0.36276628,0.049263104,0.017870993,0.36267584,0.048938138,0.01774868,0.36275672,0.019226342,0.006974485,0.36278916,0.012429532,0.004509299,0.36269112,0.049978238,0.018126663,0.36263314,0.04890307,0.017733874,0.36276932,0.012464894,0.004521881,0.36273114,0.019349458,0.007018651,0.36261176,0.04997871,0.018122868,,,,,,,,,,,,,,,,,,,,,,,,,,,,,,,,,,,,,,,,,,,,,,,,,,,,,,,,,,,,,,,,,,,,,
0.38300208,0.049073196,0.018795136,0.38311694,0.01895017,0.007260131,0.38312226,0.012435804,0.004764433,0.38294908,0.049243626,0.018857801,0.38284872,0.048972728,0.018749146,0.38293038,0.019230204,0.007363829,0.38296394,0.012414404,0.004754269,0.3828663,0.050009258,0.01914686,0.3828064,0.048983888,0.018751346,0.3829464,0.012467556,0.004774406,0.3829067,0.019325732,0.007399952,0.38279264,0.04994362,0.01911805,,,,,,,,,,,,,,,,,,,,,,,,,,,,,,,,,,,,,,,,,,,,,,,,,,,,,,,,,,,,,,,,,,,,,
0.40311814,0.049053182,0.019774227,0.40323144,0.018950498,0.007641437,0.40323524,0.012432362,0.005013166,0.40306208,0.04925836,0.019854177,0.40296056,0.0489791,0.019736646,0.40304756,0.019198336,0.007737842,0.40307578,0.012401738,0.00499884,0.40297852,0.050006172,0.020151413,0.40291938,0.049029042,0.019754751,0.40306052,0.012467022,0.005024964,0.4030193,0.01929739,0.007777221,0.4029064,0.049871996,0.020093746,,,,,,,,,,,,,,,,,,,,,,,,,,,,,,,,,,,,,,,,,,,,,,,,,,,,,,,,,,,,,,,,,,,,,
0.42323686,0.049067996,0.020767385,0.4233509,0.018942752,0.008019431,0.42335432,0.012429902,0.005262253,0.42318002,0.04929196,0.020859373,0.4230789,0.04900015,0.02073093,0.42316934,0.019190704,0.008120918,0.4231964,0.012398488,0.005246995,0.42309456,0.04996508,0.021139954,0.42303274,0.049020094,0.020737105,0.42317848,0.012455812,0.005271032,0.42313916,0.01929212,0.008163251,0.42302054,0.049801332,0.021066986,,,,,,,,,,,,,,,,,,,,,,,,,,,,,,,,,,,,,,,,,,,,,,,,,,,,,,,,,,,,,,,,,,,,,
0.44333688,0.049092102,0.021764339,0.4434532,0.018949724,0.008403316,0.4434551,0.012436416,0.005514992,0.4432785,0.04931877,0.02186195,0.44318046,0.049001988,0.021716724,0.44327126,0.01918902,0.008505941,0.4432972,0.012404544,0.0054989,0.44320068,0.04996196,0.022143175,0.44313162,0.048995764,0.021711572,0.44327584,0.012440142,0.005514414,0.44324072,0.019303706,0.008556189,0.44311904,0.049756788,0.02204818,,,,,,,,,,,,,,,,,,,,,,,,,,,,,,,,,,,,,,,,,,,,,,,,,,,,,,,,,,,,,,,,,,,,,
0.4635174,0.049095066,0.022756417,0.46363218,0.018952572,0.008787022,0.46363714,0.012437378,0.00576643,0.46346092,0.049305194,0.022851031,0.46335714,0.049010404,0.022709321,0.46344834,0.019178448,0.00888822,0.46347618,0.012392394,0.005743579,0.46337852,0.049959972,0.023150378,0.4633087,0.04891933,0.022664751,0.46345598,0.012429062,0.005760323,0.46342352,0.0193052,0.008946484,0.46330414,0.049778502,0.023062586,,,,,,,,,,,,,,,,,,,,,,,,,,,,,,,,,,,,,,,,,,,,,,,,,,,,,,,,,,,,,,,,,,,,,
0.48362276,0.049107834,0.023749666,0.48374594,0.01894728,0.00916567,0.4837448,0.01242748,0.006011729,0.48356818,0.049279466,0.023829982,0.48346862,0.049008088,0.023693873,0.48356018,0.019172384,0.009271001,0.48358994,0.01239822,0.005995654,0.48348616,0.049907964,0.02412981,0.48341674,0.04886047,0.023619969,0.48356514,0.012416118,0.006004002,0.48353614,0.019318504,0.009341195,0.48341676,0.049793012,0.024070777,,,,,,,,,,,,,,,,,,,,,,,,,,,,,,,,,,,,,,,,,,,,,,,,,,,,,,,,,,,,,,,,,,,,,
0.50373078,0.049123602,0.02474507,0.50386238,0.018946888,0.009546624,0.5038559,0.012418052,0.006256909,0.50367926,0.049236408,0.024799358,0.503582,0.04898976,0.024670361,0.50367204,0.019206732,0.009673894,0.50370332,0.012404714,0.006248296,0.50359992,0.049862012,0.025110505,0.5035286,0.048841486,0.024593085,0.50367738,0.012404368,0.0062478,0.50365104,0.019337832,0.009739519,0.5035286,0.049824266,0.025087943,,,,,,,,,,,,,,,,,,,,,,,,,,,,,,,,,,,,,,,,,,,,,,,,,,,,,,,,,,,,,,,,,,,,,
0.5239071,0.049086046,0.025716528,0.52404062,0.018926936,0.009918483,0.5240345,0.012425528,0.006511405,0.5238575,0.049196866,0.025772147,0.52376252,0.048975744,0.025651659,0.5238453,0.019199884,0.010057769,0.5238804,0.012409176,0.006500924,0.52377928,0.04983983,0.02610507,0.5237114,0.048843978,0.025580148,0.52385522,0.01240136,0.006496517,0.52383422,0.019345692,0.010133935,0.52370912,0.049876118,0.026120578,,,,,,,,,,,,,,,,,,,,,,,,,,,,,,,,,,,,,,,,,,,,,,,,,,,,,,,,,,,,,,,,,,,,,
0.54407998,0.049025304,0.026673686,0.54420854,0.018912148,0.010292152,0.54420166,0.012423964,0.006761142,0.54402962,0.04918938,0.02676048,0.54392586,0.048974004,0.026638227,0.54401132,0.019190354,0.01043977,0.54404908,0.01239791,0.006745072,0.54394264,0.049842118,0.027111253,0.5438778,0.048902404,0.026596932,0.54402542,0.012399524,0.006745656,0.54400062,0.019345466,0.010523945,0.54387742,0.049909768,0.027144796,,,,,,,,,,,,,,,,,,,,,,,,,,,,,,,,,,,,,,,,,,,,,,,,,,,,,,,,,,,,,,,,,,,,,
0.56418686,0.048988982,0.02763894,0.56431544,0.018889176,0.010659454,0.56430206,0.012417694,0.00700733,0.56413346,0.049223286,0.027768503,0.56403352,0.048962544,0.027616516,0.56411668,0.019183836,0.010821922,0.5641533,0.012397316,0.006993987,0.56404496,0.049890776,0.028140641,0.56398086,0.048933128,0.027597348,0.56412848,0.012401448,0.00699601,0.56410294,0.019333506,0.010906088,0.56398088,0.049864514,0.028122632,,,,,,,,,,,,,,,,,,,,,,,,,,,,,,,,,,,,,,,,,,,,,,,,,,,,,,,,,,,,,,,,,,,,,
0.58430902,0.048978834,0.028618774,0.58443606,0.01888253,0.011035631,0.58442726,0.01241866,0.007257803,0.5842518,0.049235838,0.028766127,0.58415832,0.048954396,0.028597118,0.58423958,0.019178158,0.011204639,0.5842701,0.01239777,0.007243646,0.58417206,0.04990277,0.029151804,0.58410224,0.048925202,0.02857732,0.58425064,0.0124011,0.007245351,0.58422126,0.019314506,0.011283945,0.58409806,0.04981636,0.029097639,,,,,,,,,,,,,,,,,,,,,,,,,,,,,,,,,,,,,,,,,,,,,,,,,,,,,,,,,,,,,,,,,,,,,
0.60449334,0.048999006,0.029619573,0.60461732,0.018887164,0.011419506,0.60461616,0.012420718,0.007509767,0.60443536,0.049253284,0.029770426,0.60434418,0.048889078,0.02954583,0.6044262,0.01916832,0.011585835,0.60445634,0.012400156,0.007495353,0.60435944,0.04989229,0.030152876,0.60428922,0.048888104,0.029542554,0.6044361,0.0124002,0.007495129,0.60440674,0.01930011,0.011665117,0.6042824,0.0497642,0.03007163,,,,,,,,,,,,,,,,,,,,,,,,,,,,,,,,,,,,,,,,,,,,,,,,,,,,,,,,,,,,,,,,,,,,,
0.62461014,0.049032968,0.030626489,0.62473106,0.018903322,0.011809492,0.62473146,0.012410996,0.00775354,0.62454986,0.049202338,0.030729313,0.6244545,0.048862962,0.030512697,0.62454414,0.01917364,0.011974785,0.6245697,0.012393322,0.007740493,0.62446976,0.049893496,0.031156979,0.62440146,0.048861216,0.030509015,0.6245487,0.012390822,0.007738672,0.62451402,0.019315064,0.012062528,0.62439652,0.04972422,0.03104763,,,,,,,,,,,,,,,,,,,,,,,,,,,,,,,,,,,,,,,,,,,,,,,,,,,,,,,,,,,,,,,,,,,,,
0.64474182,0.049016036,0.031602688,0.6448639,0.018914426,0.012197231,0.64486314,0.012392578,0.007991517,0.6446827,0.049116782,0.03166474,0.6445881,0.04884925,0.031487645,0.64467658,0.019167616,0.012356913,0.64469948,0.012393704,0.007990215,0.6446022,0.04985875,0.03213906,0.6445339,0.048837316,0.031477306,0.64467658,0.012386638,0.007985375,0.6446438,0.019316086,0.012451995,0.6445282,0.049705332,0.032036488,,,,,,,,,,,,,,,,,,,,,,,,,,,,,,,,,,,,,,,,,,,,,,,,,,,,,,,,,,,,,,,,,,,,,
0.66487046,0.049014066,0.032588005,0.66499482,0.01891262,0.012576794,0.66499788,0.012377986,0.008231334,0.66481666,0.049075348,0.032626109,0.66472208,0.048892136,0.032499682,0.66480826,0.019164712,0.012740859,0.66483154,0.01240106,0.008244616,0.66473464,0.04984933,0.033136576,0.66467016,0.048871162,0.032483203,0.66480712,0.012380308,0.008230517,0.66477816,0.019305116,0.012833619,0.66466254,0.049741436,0.033061269,,,,,,,,,,,,,,,,,,,,,,,,,,,,,,,,,,,,,,,,,,,,,,,,,,,,,,,,,,,,,,,,,,,,,
0.6850586,0.048980444,0.033554474,0.68518448,0.018909684,0.012956622,0.6851845,0.012387614,0.008487801,0.68500404,0.049074662,0.033616342,0.68490794,0.048901528,0.033493045,0.6849945,0.019163628,0.01312698,0.68502236,0.012407554,0.008499452,0.68492164,0.04984788,0.034141892,0.6848583,0.048859214,0.033461638,0.68499412,0.012374658,0.008476568,0.68496744,0.019295946,0.013217095,0.68484764,0.049745192,0.034067877,,,,,,,,,,,,,,,,,,,,,,,,,,,,,,,,,,,,,,,,,,,,,,,,,,,,,,,,,,,,,,,,,,,,,
0.70516282,0.04901779,0.034565523,0.70529062,0.018901582,0.013331108,0.70528566,0.012388666,0.008737548,0.70510826,0.049066964,0.034597522,0.70500948,0.048942704,0.03450507,0.70509642,0.01915857,0.013508639,0.70512734,0.012404596,0.00874682,0.70502432,0.049843112,0.035140606,0.7049549,0.048878942,0.03445745,0.70509568,0.012376862,0.008726872,0.70506746,0.01929951,0.013607456,0.70495032,0.049698874,0.035035237,,,,,,,,,,,,,,,,,,,,,,,,,,,,,,,,,,,,,,,,,,,,,,,,,,,,,,,,,,,,,,,,,,,,,
0.72527276,0.049031836,0.035561455,0.725404,0.018898176,0.013708812,0.72539368,0.012384148,0.008983383,0.7252205,0.049122392,0.035624566,0.72512094,0.048958106,0.035500548,0.72520598,0.019162402,0.013896689,0.72523804,0.012398624,0.008991954,0.72513578,0.04979151,0.036105605,0.72506178,0.048920138,0.035470122,0.72520372,0.012393542,0.008987843,0.72517816,0.019289714,0.013988479,0.72506332,0.049692112,0.036029928,,,,,,,,,,,,,,,,,,,,,,,,,,,,,,,,,,,,,,,,,,,,,,,,,,,,,,,,,,,,,,,,,,,,,
0.74537888,0.049020004,0.036538476,0.74550936,0.018908118,0.014096179,0.74549828,0.012389566,0.0092364,0.74532396,0.049186576,0.036659934,0.74522476,0.048943834,0.036474157,0.74530716,0.019157188,0.014277989,0.74534492,0.012389188,0.009234218,0.74523886,0.049807794,0.037118704,0.74516524,0.048890884,0.036431787,0.7453087,0.012391394,0.009235414,0.74528542,0.019294974,0.014380263,0.74516754,0.04972903,0.037056459,,,,,,,,,,,,,,,,,,,,,,,,,,,,,,,,,,,,,,,,,,,,,,,,,,,,,,,,,,,,,,,,,,,,,
0.76556778,0.049032164,0.037537445,0.76569254,0.01892228,0.014488649,0.7656807,0.012398936,0.009493626,0.7655079,0.049194594,0.03765885,0.76540336,0.048918574,0.037442441,0.76549264,0.019147058,0.014656932,0.7655285,0.01238781,0.009483222,0.76542396,0.049757734,0.038085762,0.765345,0.04881833,0.037362865,0.76549456,0.01238546,0.009481002,0.76546784,0.019295982,0.014770454,0.76534386,0.04971314,0.038047646,,,,,,,,,,,,,,,,,,,,,,,,,,,,,,,,,,,,,,,,,,,,,,,,,,,,,,,,,,,,,,,,,,,,,
0.78568648,0.049072078,0.038555268,0.78580972,0.018930364,0.014875664,0.78579826,0.01238963,0.00973575,0.7856266,0.04917828,0.038635765,0.78551902,0.04893514,0.038439483,0.78561326,0.019140446,0.015036988,0.7856453,0.012386492,0.009731389,0.78554154,0.049753514,0.039083452,0.7854599,0.048770004,0.038306882,0.78561098,0.012380476,0.009726238,0.7855839,0.019292558,0.015155923,0.78546104,0.049673356,0.039016486,,,,,,,,,,,,,,,,,,,,,,,,,,,,,,,,,,,,,,,,,,,,,,,,,,,,,,,,,,,,,,,,,,,,,
0.80580864,0.049050408,0.039525243,0.80593148,0.018929884,0.015256189,0.80592002,0.01237835,0.00997596,0.80574874,0.049146824,0.039599992,0.80564078,0.048946208,0.039433061,0.80573312,0.019137592,0.015419792,0.8057621,0.012376182,0.009972258,0.80566216,0.04974984,0.040081564,0.80558548,0.048718944,0.039247274,0.80573198,0.012384226,0.009978367,0.8057049,0.019305512,0.015554546,0.80558014,0.04968063,0.040021729,,,,,,,,,,,,,,,,,,,,,,,,,,,,,,,,,,,,,,,,,,,,,,,,,,,,,,,,,,,,,,,,,,,,,
0.82599068,0.049026328,0.04049529,0.8261181,0.018929654,0.01563813,0.82610778,0.012371534,0.01022022,0.82593154,0.049145722,0.040591002,0.82582548,0.048899958,0.040382831,0.82591822,0.01912075,0.015792176,0.82594338,0.012370844,0.010217617,0.82584688,0.04979143,0.041120097,0.82577362,0.048761636,0.040266073,0.82591554,0.012375168,0.010220844,0.8258877,0.01929611,0.01593642,0.82576104,0.04971065,0.041049118,,,,,,,,,,,,,,,,,,,,,,,,,,,,,,,,,,,,,,,,,,,,,,,,,,,,,,,,,,,,,,,,,,,,,
0.84618532,0.049012652,0.041473787,0.84631616,0.018904864,0.015999492,0.84630012,0.012378094,0.010475582,0.84612844,0.049166272,0.041600981,0.84602278,0.048869234,0.041344485,0.84611132,0.019113152,0.016171854,0.84613572,0.012365972,0.010463291,0.84604226,0.049783186,0.042118679,0.84596786,0.048823722,0.0413033,0.8461075,0.012376232,0.010471623,0.84608232,0.019278176,0.016310924,0.84595528,0.049704402,0.042047701,,,,,,,,,,,,,,,,,,,,,,,,,,,,,,,,,,,,,,,,,,,,,,,,,,,,,,,,,,,,,,,,,,,,,
0.86629144,0.049014734,0.042461044,0.86642876,0.018910876,0.016384927,0.86640928,0.012371766,0.010719013,0.86623572,0.049183518,0.04260452,0.86613386,0.04887595,0.042333115,0.86622202,0.019102414,0.016546932,0.86624566,0.012360176,0.010706949,0.86615372,0.049783086,0.043119805,0.86607626,0.048844712,0.042303245,0.86621362,0.012371066,0.010715986,0.86618844,0.019269476,0.016690997,0.86606942,0.049687842,0.043033121,,,,,,,,,,,,,,,,,,,,,,,,,,,,,,,,,,,,,,,,,,,,,,,,,,,,,,,,,,,,,,,,,,,,,
0.88638612,0.049012316,0.043443837,0.88652498,0.018897532,0.016753134,0.8865051,0.01237342,0.0109691,0.88633232,0.049190118,0.043598791,0.88622816,0.048865016,0.043305553,0.88631518,0.019094938,0.016924133,0.88633996,0.012344248,0.0109412,0.88624458,0.049720348,0.044064389,0.88617208,0.048883256,0.043318977,0.88630868,0.012382398,0.010974627,0.88628464,0.019275732,0.017083785,0.88616142,0.049722514,0.044062174,,,,,,,,,,,,,,,,,,,,,,,,,,,,,,,,,,,,,,,,,,,,,,,,,,,,,,,,,,,,,,,,,,,,,
0.90656052,0.04898421,0.044407151,0.90669938,0.018890206,0.017127738,0.90668256,0.012372202,0.01121766,0.90651246,0.049174014,0.044576856,0.90640372,0.048859594,0.044286518,0.9064892,0.019081476,0.017297152,0.90651628,0.012344714,0.011190684,0.9064167,0.04969819,0.045047269,0.90634344,0.048884538,0.04430618,0.90648538,0.012378014,0.011220489,0.9064598,0.019268014,0.01746568,0.90633888,0.049706502,0.045050935,,,,,,,,,,,,,,,,,,,,,,,,,,,,,,,,,,,,,,,,,,,,,,,,,,,,,,,,,,,,,,,,,,,,,
0.9266758,0.048952842,0.045363414,0.92680512,0.018891124,0.01750839,0.9267906,0.012368188,0.01146272,0.92662202,0.04915373,0.045546929,0.9265129,0.048874954,0.045283275,0.92659722,0.019083248,0.017682485,0.92662812,0.01234922,0.011443135,0.92652282,0.049669946,0.046020338,0.9264488,0.048799854,0.045210566,0.92659532,0.012367774,0.011459922,0.92657242,0.0192684,0.017853568,0.9264511,0.04964658,0.045995129,,,,,,,,,,,,,,,,,,,,,,,,,,,,,,,,,,,,,,,,,,,,,,,,,,,,,,,,,,,,,,,,,,,,,
0.94678802,0.048927954,0.046324401,0.94691314,0.0188958,0.017892681,0.9469036,0.012353996,0.011698043,0.94672892,0.04911844,0.046501848,0.94662476,0.048857636,0.046249848,0.9467125,0.019071032,0.018054784,0.94673996,0.01235553,0.011697474,0.9466362,0.049630328,0.046981865,0.9465595,0.048764404,0.04615841,0.94670792,0.012360258,0.011701554,0.94668122,0.019268018,0.018240671,0.9465618,0.049629456,0.046977347,,,,,,,,,,,,,,,,,,,,,,,,,,,,,,,,,,,,,,,,,,,,,,,,,,,,,,,,,,,,,,,,,,,,,
0.96689256,0.048924804,0.047305029,0.9670128,0.018894888,0.018271599,0.96700524,0.012345942,0.011938591,0.9668263,0.049121638,0.047492092,0.96672358,0.048842704,0.047217394,0.96681066,0.019084728,0.018451318,0.96683772,0.012356082,0.011946326,0.96673282,0.049602816,0.04795267,0.96666288,0.048786762,0.047160352,0.9668075,0.012361786,0.011951467,0.96678168,0.019256476,0.018616808,0.96665848,0.04966958,0.048013521,,,,,,,,,,,,,,,,,,,,,,,,,,,,,,,,,,,,,,,,,,,,,,,,,,,,,,,,,,,,,,,,,,,,,
0.98707196,0.048931984,0.048299389,0.98719094,0.018900044,0.018657952,0.98718048,0.0123419,0.012183683,0.98700222,0.049104752,0.048466499,0.98690138,0.048854688,0.048214759,0.98698782,0.019096782,0.018848291,0.98701374,0.012351584,0.012191183,0.98690984,0.049556518,0.048907815,0.98683608,0.048816442,0.048173826,0.98698344,0.012360688,0.012199794,0.98695758,0.019253286,0.019002177,0.98683942,0.049659468,0.049005921,,,,,,,,,,,,,,,,,,,,,,,,,,,,,,,,,,,,,,,,,,,,,,,,,,,,,,,,,,,,,,,,,,,,,
1.00718186,0.048916672,0.049267985,1.00730014,0.018897418,0.019035372,1.00728552,0.01233416,0.012424021,1.00711224,0.049124052,0.049473434,1.00701432,0.048883388,0.049226272,1.0070996,0.01910189,0.019237506,1.00712148,0.012336228,0.01242408,1.00701592,0.049566966,0.049914724,1.00694604,0.048860298,0.049199684,1.00708994,0.012348796,0.012436348,1.00706456,0.01924552,0.019381481,1.00694404,0.049657322,0.050002144,,,,,,,,,,,,,,,,,,,,,,,,,,,,,,,,,,,,,,,,,,,,,,,,,,,,,,,,,,,,,,,,,,,,,
1.02728944,0.04893367,0.050269042,1.02741156,0.018877592,0.019395056,1.0273981,0.012328938,0.012666727,1.02722248,0.04915074,0.050488745,1.02712806,0.048887372,0.050213592,1.0272111,0.019079948,0.019599134,1.02723288,0.012309388,0.012644608,1.0271312,0.049546656,0.050890916,1.02706022,0.048909038,0.050232527,1.0272022,0.01235242,0.012688433,1.02717608,0.019230692,0.019753307,1.02705122,0.049668274,0.051011861,,,,,,,,,,,,,,,,,,,,,,,,,,,,,,,,,,,,,,,,,,,,,,,,,,,,,,,,,,,,,,,,,,,,,
1.047401,0.048961086,0.05128189,1.0475226,0.018865608,0.019762151,1.047511,0.01232532,0.012910908,1.0473366,0.049140522,0.051466667,1.0472354,0.04890995,0.051220231,1.0473238,0.019075716,0.019978451,1.0473436,0.01229158,0.012873508,1.0472392,0.049532828,0.051872719,1.0471758,0.04890115,0.051208101,1.0473164,0.01234948,0.012933813,1.0472876,0.01921895,0.020127768,1.0471658,0.049662566,0.052004941,,,,,,,,,,,,,,,,,,,,,,,,,,,,,,,,,,,,,,,,,,,,,,,,,,,,,,,,,,,,,,,,,,,,,
1.0675812,0.04897984,0.052289956,1.0677058,0.018853958,0.02013048,1.0676926,0.012329134,0.013163725,1.0675224,0.049122876,0.05243977,1.0674164,0.048931798,0.052230604,1.0675042,0.019060154,0.020346794,1.0675256,0.01227797,0.013107047,1.067419,0.049514226,0.052852426,1.0673586,0.048862972,0.052154313,1.0674992,0.012337434,0.013170201,1.0674712,0.019234634,0.020532418,1.0673512,0.049636936,0.052980043,,,,,,,,,,,,,,,,,,,,,,,,,,,,,,,,,,,,,,,,,,,,,,,,,,,,,,,,,,,,,,,,,,,,,
1.087687,0.048965652,0.053259303,1.0878098,0.018835028,0.020488928,1.0877982,0.012311176,0.013392075,1.087632,0.04908417,0.053385514,1.0875244,0.048915546,0.05319685,1.087609,0.019046752,0.020715419,1.087632,0.012272712,0.013348194,1.0875252,0.049534262,0.053869758,1.087469,0.048813626,0.053083305,1.087605,0.012322718,0.01340225,1.0875762,0.019219436,0.020902601,1.087452,0.049617526,0.053956678,,,,,,,,,,,,,,,,,,,,,,,,,,,,,,,,,,,,,,,,,,,,,,,,,,,,,,,,,,,,,,,,,,,,,
1.1078076,0.048974182,0.054253971,1.1079316,0.01882436,0.020856103,1.1079192,0.012289744,0.013616043,1.107748,0.049080764,0.054369118,1.1076412,0.048837986,0.054094965,1.1077286,0.01904964,0.021101831,1.1077514,0.012262606,0.013583919,1.1076516,0.04949382,0.054821909,1.1075914,0.048789624,0.054038968,1.107724,0.012315164,0.013641803,1.1076982,0.019209574,0.021278411,1.1075692,0.049653492,0.054994678,,,,,,,,,,,,,,,,,,,,,,,,,,,,,,,,,,,,,,,,,,,,,,,,,,,,,,,,,,,,,,,,,,,,,
1.1279936,0.04895714,0.055223341,1.1281174,0.018822372,0.021233845,1.1281016,0.01227842,0.013851305,1.1279328,0.049074008,0.055352183,1.1278214,0.048778426,0.055013353,1.127914,0.01903858,0.021473881,1.1279378,0.012257358,0.013825537,1.127837,0.049492206,0.055819141,1.1277792,0.048781512,0.055014775,1.127908,0.012302626,0.01387623,1.1278798,0.019208694,0.021665098,1.1277552,0.049662,0.056006579,,,,,,,,,,,,,,,,,,,,,,,,,,,,,,,,,,,,,,,,,,,,,,,,,,,,,,,,,,,,,,,,,,,,,
1.1481558,0.04896201,0.056216016,1.1482846,0.018806092,0.021594746,1.1482654,0.012269056,0.014088132,1.1480984,0.049090968,0.056361262,1.1479912,0.04881638,0.056040775,1.1480796,0.019026176,0.021843565,1.1481046,0.012239132,0.014051804,1.1480042,0.049480002,0.05680325,1.1479456,0.048830636,0.056054914,1.148072,0.012285336,0.01410445,1.1480466,0.019200816,0.022043432,1.1479196,0.049665626,0.057012146,,,,,,,,,,,,,,,,,,,,,,,,,,,,,,,,,,,,,,,,,,,,,,,,,,,,,,,,,,,,,,,,,,,,,
1.1682696,0.0489865,0.057229439,1.168398,0.018793634,0.021958444,1.1683792,0.012248656,0.014311075,1.1682144,0.049079032,0.057334832,1.1681122,0.048843232,0.057054375,1.1681968,0.019005926,0.022202662,1.1682192,0.012215348,0.014270204,1.168124,0.04943382,0.057744832,1.168056,0.048850736,0.057060395,1.1681866,0.01227857,0.014343661,1.1681592,0.019189838,0.022416786,1.1680276,0.049664542,0.058009556,,,,,,,,,,,,,,,,,,,,,,,,,,,,,,,,,,,,,,,,,,,,,,,,,,,,,,,,,,,,,,,,,,,,,
1.1883906,0.048968576,0.058193795,1.1885136,0.018775994,0.022315524,1.188495,0.012238966,0.01454595,1.1883278,0.049073784,0.058315742,1.188228,0.04885698,0.058053232,1.1883138,0.0189716,0.022544214,1.1883372,0.012176544,0.01446984,1.1882438,0.04943774,0.058744088,1.1881712,0.048861464,0.058055784,1.188303,0.012263776,0.014573082,1.1882756,0.01919142,0.022804696,1.1881474,0.049649784,0.058991262,,,,,,,,,,,,,,,,,,,,,,,,,,,,,,,,,,,,,,,,,,,,,,,,,,,,,,,,,,,,,,,,,,,,,
1.208564,0.048925856,0.059130028,1.2086856,0.018754366,0.022668132,1.2086678,0.012231374,0.014783668,1.2084984,0.049072986,0.059304625,1.2084006,0.04887519,0.059060809,1.2084862,0.018930932,0.02287777,1.2085132,0.012149454,0.014682776,1.2084162,0.049442816,0.0597475,1.2083458,0.048866978,0.059048208,1.2084768,0.012247382,0.014800677,1.2084496,0.019185644,0.023184884,1.2083282,0.049623954,0.059962023,,,,,,,,,,,,,,,,,,,,,,,,,,,,,,,,,,,,,,,,,,,,,,,,,,,,,,,,,,,,,,,,,,,,,
1.228656,0.048895288,0.060075489,1.2287774,0.018729706,0.023014639,1.2287622,0.012219962,0.015015427,1.2285958,0.049040924,0.060251473,1.2284972,0.04890231,0.060076351,1.2285764,0.01889638,0.023215647,1.2286032,0.012131596,0.014904918,1.2285072,0.049424428,0.060718266,1.2284328,0.04883386,0.059989115,1.228571,0.0122288,0.015023949,1.22854,0.019153416,0.023530738,1.2284186,0.049588168,0.060915028,,,,,,,,,,,,,,,,,,,,,,,,,,,,,,,,,,,,,,,,,,,,,,,,,,,,,,,,,,,,,,,,,,,,,
1.2487674,0.0488615,0.061016648,1.2488828,0.018710444,0.023367152,1.2488684,0.012207206,0.015245194,1.2487016,0.049012544,0.061202042,1.2486022,0.048879848,0.061031486,1.2486798,0.018877916,0.023572472,1.2487066,0.012120526,0.015134981,1.2486102,0.049401262,0.06168292,1.2485344,0.04877632,0.060898913,1.2486768,0.012216134,0.015254003,1.2486442,0.01913909,0.023897914,1.2485214,0.049559198,0.061875719,,,,,,,,,,,,,,,,,,,,,,,,,,,,,,,,,,,,,,,,,,,,,,,,,,,,,,,,,,,,,,,,,,,,,
1.2688712,0.048781832,0.061897862,1.2689858,0.018683232,0.023708756,1.2689748,0.01220096,0.015482711,1.2688032,0.04897172,0.062135475,1.2687068,0.048838606,0.061961872,1.268781,0.018862338,0.023932176,1.268813,0.012103822,0.015357487,1.2687106,0.04943693,0.062721157,1.2686412,0.048797848,0.06190696,1.2687836,0.012190942,0.015467667,1.2687494,0.019098564,0.024231292,1.2686286,0.049564094,0.062878427,,,,,,,,,,,,,,,,,,,,,,,,,,,,,,,,,,,,,,,,,,,,,,,,,,,,,,,,,,,,,,,,,,,,,
1.2890498,0.048791052,0.062894096,1.2891702,0.018646954,0.024039097,1.2891586,0.012178844,0.015700461,1.2889864,0.048992052,0.063150089,1.2888904,0.048786176,0.062880034,1.2889676,0.01882861,0.024269468,1.2889966,0.012098644,0.015595111,1.2888912,0.049425512,0.063704107,1.2888268,0.048852246,0.062962084,1.2889694,0.012167834,0.015683966,1.288938,0.019051402,0.024556076,1.2888106,0.049589668,0.06391169,,,,,,,,,,,,,,,,,,,,,,,,,,,,,,,,,,,,,,,,,,,,,,,,,,,,,,,,,,,,,,,,,,,,,
1.3091684,0.048758008,0.063832443,1.309287,0.018634634,0.024398084,1.3092754,0.012152564,0.015911053,1.3091082,0.048989378,0.064132396,1.3090072,0.048729074,0.063786709,1.3090856,0.018800292,0.024611192,1.309113,0.01207915,0.015812972,1.3090082,0.049397944,0.064662314,1.3089436,0.048900722,0.064008287,1.3090892,0.012144916,0.015898778,1.309056,0.019013672,0.024889961,1.3089282,0.049560068,0.064870571,,,,,,,,,,,,,,,,,,,,,,,,,,,,,,,,,,,,,,,,,,,,,,,,,,,,,,,,,,,,,,,,,,,,,
1.3292974,0.048752738,0.064806888,1.3294128,0.01860635,0.02473552,1.3294006,0.0121152,0.016105954,1.3292302,0.048922708,0.065029541,1.3291304,0.04866112,0.064676974,1.3292146,0.01877181,0.024951764,1.3292398,0.012039538,0.016003433,1.3291302,0.04933041,0.065566538,1.329071,0.048927414,0.065028007,1.329214,0.012116274,0.016105121,1.3291836,0.019001802,0.025256884,1.3290596,0.049509314,0.065800829,,,,,,,,,,,,,,,,,,,,,,,,,,,,,,,,,,,,,,,,,,,,,,,,,,,,,,,,,,,,,,,,,,,,,
1.3494882,0.048738652,0.065772236,1.3496054,0.018558942,0.025047248,1.3495964,0.012073468,0.016294309,1.3494248,0.048861574,0.06593502,1.3493272,0.04856963,0.065536323,1.3494096,0.01873909,0.025286708,1.349439,0.011997354,0.016189697,1.3493252,0.049288474,0.06650618,1.349269,0.04893121,0.066021365,1.3494102,0.0120896,0.01631383,1.3493824,0.01896575,0.025592049,1.3492584,0.049499622,0.066787781,,,,,,,,,,,,,,,,,,,,,,,,,,,,,,,,,,,,,,,,,,,,,,,,,,,,,,,,,,,,,,,,,,,,,
1.3696808,0.048745282,0.066765477,1.3697982,0.018518906,0.025367164,1.3697868,0.01202751,0.016475124,1.3696152,0.048808742,0.066849195,1.3695188,0.048544788,0.066483,1.3695988,0.018704352,0.025617458,1.3696302,0.011950362,0.016367577,1.3695194,0.04925748,0.067459074,1.3694618,0.048866882,0.066921328,1.3696026,0.01205705,0.016513367,1.3695756,0.018943636,0.025944742,1.3694504,0.049521808,0.06781766,,,,,,,,,,,,,,,,,,,,,,,,,,,,,,,,,,,,,,,,,,,,,,,,,,,,,,,,,,,,,,,,,,,,,
1.389806,0.048697308,0.067679811,1.3899198,0.018507832,0.025724402,1.389909,0.011978578,0.016649133,1.3897342,0.048777158,0.067787285,1.3896436,0.048525708,0.06743344,1.3897182,0.01867774,0.025956795,1.3897518,0.011909178,0.016550802,1.3896434,0.049219116,0.06839702,1.3895884,0.048755494,0.067750069,1.3897248,0.012016992,0.016700312,1.3896928,0.018918274,0.026290589,1.3895744,0.04949101,0.068771441,,,,,,,,,,,,,,,,,,,,,,,,,,,,,,,,,,,,,,,,,,,,,,,,,,,,,,,,,,,,,,,,,,,,,
1.409911,0.048693842,0.068653983,1.4100202,0.018481374,0.026059111,1.4100136,0.011950152,0.016849877,1.4098388,0.048707374,0.068669546,1.409749,0.048506814,0.068382433,1.4098178,0.018641006,0.026280422,1.4098568,0.011877912,0.016746155,1.4097414,0.04916102,0.069304325,1.4096894,0.048703774,0.068657194,1.4098256,0.011981518,0.016891851,1.4097948,0.018879644,0.026616424,1.4096778,0.04947834,0.069748517,,,,,,,,,,,,,,,,,,,,,,,,,,,,,,,,,,,,,,,,,,,,,,,,,,,,,,,,,,,,,,,,,,,,,
1.43008,0.04866548,0.06959553,1.4301902,0.018447304,0.026383153,1.4301838,0.011918824,0.017046109,1.4300072,0.048680018,0.069612776,1.4299166,0.048506912,0.069360839,1.4299834,0.018608992,0.02661055,1.4300258,0.01185492,0.016952841,1.4299106,0.049181926,0.070325757,1.4298596,0.048701846,0.069636802,1.4299924,0.011943866,0.017079638,1.4299634,0.01882324,0.026916544,1.4298452,0.049494252,0.070769119,,,,,,,,,,,,,,,,,,,,,,,,,,,,,,,,,,,,,,,,,,,,,,,,,,,,,,,,,,,,,,,,,,,,,
1.4502018,0.048640668,0.070538784,1.4503132,0.018409394,0.026699387,1.4503048,0.011890122,0.017244301,1.4501264,0.048678718,0.070590294,1.450035,0.048497878,0.070323621,1.4501066,0.018563852,0.026919564,1.4501472,0.011815374,0.017134032,1.4500328,0.049174556,0.071304719,1.449981,0.048712812,0.070632652,1.45011,0.011899262,0.017255239,1.450081,0.018760542,0.027204306,1.4499628,0.04945244,0.071704198,,,,,,,,,,,,,,,,,,,,,,,,,,,,,,,,,,,,,,,,,,,,,,,,,,,,,,,,,,,,,,,,,,,,,
1.4703226,0.048549966,0.071384112,1.470433,0.01835491,0.026989665,1.4704266,0.011854672,0.017431425,1.4702478,0.048662428,0.071545828,1.4701566,0.048420258,0.071185362,1.4702346,0.01851387,0.027219732,1.4702708,0.011771406,0.017307155,1.4701542,0.04911917,0.072212754,1.4701054,0.04868297,0.071569097,1.470228,0.011853128,0.017426801,1.4702012,0.01872335,0.027527092,1.4700868,0.04940944,0.072636166,,,,,,,,,,,,,,,,,,,,,,,,,,,,,,,,,,,,,,,,,,,,,,,,,,,,,,,,,,,,,,,,,,,,,
1.4904318,0.048482924,0.072260492,1.4905388,0.018290328,0.027262444,1.4905362,0.011813696,0.017608742,1.4903596,0.048554402,0.072363519,1.49026,0.04835061,0.07205498,1.4903418,0.018467806,0.027523343,1.4903794,0.011721312,0.017469202,1.4902614,0.049046112,0.073091528,1.490209,0.04870739,0.072584191,1.490334,0.011812686,0.017604848,1.4903068,0.018666768,0.027819211,1.4902002,0.04937129,0.073573106,,,,,,,,,,,,,,,,,,,,,,,,,,,,,,,,,,,,,,,,,,,,,,,,,,,,,,,,,,,,,,,,,,,,,
1.5106234,0.048418166,0.073141615,1.5107334,0.018230066,0.02754077,1.5107282,0.011766102,0.017775382,1.5105488,0.048487692,0.073243025,1.5104526,0.048310584,0.072970847,1.5105364,0.018403158,0.02779864,1.5105708,0.011678158,0.017640684,1.5104588,0.049019266,0.074041582,1.5104026,0.048680306,0.073526861,1.5105274,0.011757886,0.017760609,1.5104972,0.018618614,0.028123364,1.5103926,0.049313576,0.07448286,,,,,,,,,,,,,,,,,,,,,,,,,,,,,,,,,,,,,,,,,,,,,,,,,,,,,,,,,,,,,,,,,,,,,
1.5307428,0.048391454,0.07407487,1.5308524,0.018179968,0.027830848,1.5308492,0.011718282,0.017938923,1.5306698,0.048451086,0.074162614,1.5305724,0.048244184,0.073841216,1.5306624,0.018350092,0.028087796,1.5306922,0.011620672,0.017787672,1.5305808,0.048945858,0.07491559,1.530524,0.0485791,0.074351478,1.5306488,0.011696552,0.017903313,1.5306182,0.018557104,0.028403841,1.5305106,0.049308092,0.075466557,,,,,,,,,,,,,,,,,,,,,,,,,,,,,,,,,,,,,,,,,,,,,,,,,,,,,,,,,,,,,,,,,,,,,
1.5508546,0.048334702,0.074960095,1.5509592,0.01814152,0.028136757,1.550958,0.011669654,0.018099143,1.5507732,0.048376238,0.075020573,1.5506792,0.04819047,0.074727959,1.5507644,0.018276734,0.028342908,1.5507998,0.011567296,0.01793856,1.5506916,0.048880254,0.075798199,1.5506324,0.048510178,0.075221454,1.5507582,0.011641384,0.018052972,1.5507238,0.018493686,0.028678599,1.550622,0.049284432,0.076421525,,,,,,,,,,,,,,,,,,,,,,,,,,,,,,,,,,,,,,,,,,,,,,,,,,,,,,,,,,,,,,,,,,,,,
1.5709682,0.048272268,0.075834198,1.5710664,0.018088718,0.028418577,1.5710646,0.011620278,0.018256207,1.5708782,0.048291086,0.075859414,1.5707832,0.04810853,0.075568071,1.570867,0.0182231,0.028626066,1.5709056,0.01151723,0.018092481,1.570797,0.048854296,0.076740182,1.5707386,0.04853138,0.076230112,1.5708638,0.011585434,0.018199139,1.570828,0.018425888,0.028943901,1.5707298,0.049205084,0.077287892,,,,,,,,,,,,,,,,,,,,,,,,,,,,,,,,,,,,,,,,,,,,,,,,,,,,,,,,,,,,,,,,,,,,,
1.5911414,0.04816729,0.076640969,1.5912434,0.018039302,0.02870492,1.5912412,0.011574828,0.018418343,1.591052,0.048226856,0.076731436,1.5909614,0.048025644,0.076406946,1.5910426,0.018144298,0.028868351,1.591081,0.011459044,0.018232267,1.5909666,0.048862438,0.077738507,1.5909144,0.04851601,0.077184819,1.5910376,0.011520702,0.01832987,1.591001,0.01836022,0.029211128,1.5909004,0.049166246,0.0782186,,,,,,,,,,,,,,,,,,,,,,,,,,,,,,,,,,,,,,,,,,,,,,,,,,,,,,,,,,,,,,,,,,,,,
1.6112434,0.048044278,0.077411026,1.6113474,0.01797335,0.028961311,1.6113474,0.011519168,0.018561381,1.6111516,0.048168994,0.077607552,1.6110626,0.04795983,0.077266288,1.6111488,0.018070248,0.029113858,1.611185,0.011382766,0.018339742,1.611067,0.04879797,0.078616799,1.6110198,0.048448338,0.078051232,1.6111404,0.011458156,0.018460698,1.6111044,0.01827599,0.029444528,1.6110016,0.049142768,0.079169078,,,,,,,,,,,,,,,,,,,,,,,,,,,,,,,,,,,,,,,,,,,,,,,,,,,,,,,,,,,,,,,,,,,,,
1.631361,0.047946502,0.078218053,1.6314624,0.01790715,0.029214842,1.6314588,0.011447198,0.018675632,1.6312612,0.048060928,0.078399927,1.6311768,0.04787025,0.078084841,1.6312598,0.01799743,0.029358484,1.6312984,0.011308322,0.018447248,1.6311828,0.04872675,0.079482236,1.6311336,0.048418434,0.078976935,1.6312526,0.011394376,0.018587105,1.6312174,0.01820682,0.029699282,1.631115,0.049056094,0.080016131,,,,,,,,,,,,,,,,,,,,,,,,,,,,,,,,,,,,,,,,,,,,,,,,,,,,,,,,,,,,,,,,,,,,,
1.6515412,0.047882154,0.07907935,1.6516446,0.017809104,0.02941431,1.6516408,0.011361724,0.018765487,1.6514462,0.047953226,0.079192173,1.6513578,0.047781594,0.078904508,1.6514434,0.017935688,0.029619774,1.6514808,0.011239584,0.018561957,1.651362,0.048632156,0.080309294,1.6513142,0.048342572,0.079828776,1.651432,0.011308888,0.01867586,1.6514006,0.018158352,0.029986713,1.6513,0.048989608,0.08089654,,,,,,,,,,,,,,,,,,,,,,,,,,,,,,,,,,,,,,,,,,,,,,,,,,,,,,,,,,,,,,,,,,,,,
1.6717104,0.047830158,0.079958173,1.6718198,0.017738274,0.029655198,1.6718152,0.01128418,0.018865064,1.671618,0.04784068,0.079971342,1.6715318,0.047700138,0.079732298,1.6716174,0.017853468,0.029844168,1.671654,0.011173418,0.018678089,1.6715322,0.048567224,0.081181679,1.671484,0.048206888,0.080577042,1.6716062,0.011226064,0.018765558,1.6715728,0.018076958,0.030216951,1.6714706,0.048908144,0.081748525,,,,,,,,,,,,,,,,,,,,,,,,,,,,,,,,,,,,,,,,,,,,,,,,,,,,,,,,,,,,,,,,,,,,,
1.6918218,0.047789452,0.080851237,1.6919322,0.017664874,0.029887769,1.691929,0.01120821,0.018963496,1.6917344,0.047725068,0.080738139,1.6916424,0.047597406,0.08051779,1.6917288,0.017768092,0.030058793,1.6917678,0.011093414,0.018767481,1.6916432,0.048481558,0.082013498,1.6915982,0.048102262,0.0813697,1.6917188,0.011141434,0.018848173,1.691688,0.01799041,0.030434161,1.6915836,0.048787212,0.082527648,,,,,,,,,,,,,,,,,,,,,,,,,,,,,,,,,,,,,,,,,,,,,,,,,,,,,,,,,,,,,,,,,,,,,
1.7119434,0.047735626,0.08172069,1.7120524,0.017582628,0.03010238,1.71205,0.01113175,0.019058113,1.7118596,0.04758264,0.081454799,1.7117622,0.047536262,0.081370776,1.711849,0.017686726,0.030277004,1.711886,0.011004656,0.018838717,1.711763,0.04839858,0.082846898,1.7117176,0.048030928,0.082215385,1.7118378,0.011054608,0.018923696,1.7118056,0.017895052,0.03063285,1.7117114,0.048711568,0.083380146,,,,,,,,,,,,,,,,,,,,,,,,,,,,,,,,,,,,,,,,,,,,,,,,,,,,,,,,,,,,,,,,,,,,,
1.732132,0.047611664,0.082469687,1.7322412,0.017498424,0.030311491,1.7322396,0.011052666,0.019145866,1.7320516,0.047480254,0.08223825,1.7319518,0.047479674,0.082232507,1.7320372,0.017600526,0.030484766,1.7320744,0.010921008,0.018915998,1.7319522,0.048339944,0.083722472,1.73191,0.047960214,0.083062774,1.7320278,0.010965974,0.018993372,1.7319934,0.017805444,0.030838911,1.7319056,0.048684716,0.084317332,,,,,,,,,,,,,,,,,,,,,,,,,,,,,,,,,,,,,,,,,,,,,,,,,,,,,,,,,,,,,,,,,,,,,
1.7522328,0.047463364,0.083166863,1.7523404,0.017433876,0.030550085,1.7523392,0.010979924,0.019240551,1.7521532,0.047353948,0.082971372,1.7520578,0.047374658,0.083003139,1.7521392,0.017508876,0.030677988,1.7521752,0.010816768,0.018952873,1.7520546,0.04823579,0.084511738,1.75201,0.047873484,0.083874823,1.752131,0.010863394,0.019034089,1.7520908,0.017689986,0.030994462,1.7520054,0.048570156,0.085095176,,,,,,,,,,,,,,,,,,,,,,,,,,,,,,,,,,,,,,,,,,,,,,,,,,,,,,,,,,,,,,,,,,,,,
1.7723378,0.047315428,0.083858922,1.7724474,0.017340296,0.030734763,1.7724498,0.010883466,0.019290397,1.7722676,0.047222392,0.083690715,1.772167,0.0472185,0.083679067,1.7722488,0.017394812,0.030827935,1.7722856,0.010706518,0.018975008,1.7721646,0.04813338,0.085300272,1.7721226,0.047817658,0.084738752,1.7722428,0.010758782,0.019067174,1.7722042,0.017563958,0.03112692,1.772119,0.048421612,0.085808859,,,,,,,,,,,,,,,,,,,,,,,,,,,,,,,,,,,,,,,,,,,,,,,,,,,,,,,,,,,,,,,,,,,,,
1.7924538,0.047198336,0.084600837,1.7925634,0.017235366,0.030895486,1.7925652,0.010780582,0.019324896,1.7923764,0.047087692,0.084398868,1.7922824,0.047117672,0.084448174,1.7923656,0.017277978,0.030968453,1.7923978,0.010599504,0.018998528,1.7922814,0.048022592,0.086069998,1.7922348,0.047710684,0.085508748,1.7923592,0.010648776,0.019086432,1.7923164,0.017441706,0.031261056,1.7922366,0.048329076,0.086617139,,,,,,,,,,,,,,,,,,,,,,,,,,,,,,,,,,,,,,,,,,,,,,,,,,,,,,,,,,,,,,,,,,,,,
1.8126356,0.047067254,0.08531578,1.8127446,0.017114756,0.031024682,1.8127438,0.01066764,0.019337698,1.8125536,0.046941414,0.085083829,1.812466,0.046959942,0.085113298,1.8125428,0.017169468,0.031120396,1.8125826,0.010488792,0.019011802,1.8124638,0.047959374,0.086924629,1.812413,0.047548536,0.086177585,1.8125416,0.010517478,0.019063366,1.812497,0.017319814,0.031392111,1.812418,0.04825417,0.087456726,,,,,,,,,,,,,,,,,,,,,,,,,,,,,,,,,,,,,,,,,,,,,,,,,,,,,,,,,,,,,,,,,,,,,
1.8327306,0.04694729,0.086041735,1.8328432,0.016976846,0.031115897,1.8328386,0.010551114,0.019338489,1.8326536,0.046748218,0.08567329,1.8325684,0.046776406,0.085720964,1.8326378,0.017040944,0.031229878,1.8326812,0.010354424,0.018976358,1.8325566,0.047828534,0.087648496,1.8325068,0.047385874,0.086834936,1.8326378,0.010377272,0.019017781,1.832591,0.017184376,0.031491933,1.8325112,0.048117768,0.088176349,,,,,,,,,,,,,,,,,,,,,,,,,,,,,,,,,,,,,,,,,,,,,,,,,,,,,,,,,,,,,,,,,,,,,
1.8528442,0.046798674,0.086710652,1.8529612,0.016839338,0.03120264,1.8529558,0.01043099,0.019328163,1.8527724,0.046564728,0.086273843,1.8526776,0.046634614,0.086398905,1.852756,0.016891796,0.031296376,1.8527976,0.010241626,0.01897566,1.8526722,0.047720578,0.088410588,1.852624,0.04726374,0.087561939,1.8527548,0.01023778,0.018968096,1.852709,0.017037516,0.031565559,1.8526222,0.048013372,0.088950639,,,,,,,,,,,,,,,,,,,,,,,,,,,,,,,,,,,,,,,,,,,,,,,,,,,,,,,,,,,,,,,,,,,,,
1.873025,0.046630808,0.087340669,1.873142,0.016709764,0.031299761,1.873134,0.01030181,0.019296671,1.87295,0.046378026,0.086863724,1.8728538,0.046518788,0.087122889,1.8729358,0.0167349,0.031343393,1.8729728,0.01011443,0.018944052,1.8728526,0.047589426,0.08912798,1.8728034,0.047125712,0.088257194,1.8729326,0.010083437,0.018885598,1.8728844,0.016874892,0.031604722,1.8727974,0.047897244,0.089701834,,,,,,,,,,,,,,,,,,,,,,,,,,,,,,,,,,,,,,,,,,,,,,,,,,,,,,,,,,,,,,,,,,,,,
1.8932098,0.046464306,0.087966679,1.8933266,0.016561932,0.031357146,1.8933144,0.010168013,0.019251246,1.8931376,0.046157192,0.087381916,1.893037,0.04639041,0.087818763,1.893118,0.016587444,0.031401989,1.8931556,0.009958715,0.018853397,1.893037,0.04743461,0.089795472,1.8929858,0.046976654,0.088926139,1.8931166,0.009915673,0.018771525,1.8930696,0.0167126,0.031638115,1.8929784,0.047747936,0.090385811,,,,,,,,,,,,,,,,,,,,,,,,,,,,,,,,,,,,,,,,,,,,,,,,,,,,,,,,,,,,,,,,,,,,,
1.9133228,0.046268632,0.088526829,1.9134358,0.016396632,0.031373903,1.9134246,0.010024512,0.019181148,1.913249,0.045916052,0.087848841,1.9131482,0.046230352,0.088445515,1.9132268,0.016419672,0.031414557,1.913261,0.009807384,0.018764086,1.9131446,0.047266176,0.090427029,1.9130938,0.046836568,0.089602748,1.9132278,0.009750133,0.018654226,1.9131806,0.016535368,0.031635145,1.9130802,0.04759165,0.091046643,,,,,,,,,,,,,,,,,,,,,,,,,,,,,,,,,,,,,,,,,,,,,,,,,,,,,,,,,,,,,,,,,,,,,
1.933434,0.046092674,0.089117143,1.9335434,0.016208522,0.031339881,1.9335394,0.009871894,0.019087696,1.9333592,0.045667902,0.088292458,1.933257,0.046045494,0.089017774,1.933341,0.016245802,0.031408675,1.9333732,0.009643984,0.018645421,1.9332534,0.047154082,0.091160789,1.933203,0.046704516,0.09028931,1.9333412,0.00957303,0.018507934,1.9332954,0.016347532,0.031604608,1.9331878,0.047384634,0.091603396,,,,,,,,,,,,,,,,,,,,,,,,,,,,,,,,,,,,,,,,,,,,,,,,,,,,,,,,,,,,,,,,,,,,,
1.953607,0.045834678,0.089542948,1.9537162,0.016026406,0.031311049,1.9537118,0.009695027,0.018941288,1.9535262,0.045371578,0.088634566,1.9534322,0.045850664,0.089566163,1.9535108,0.016041492,0.031337228,1.9535432,0.009446615,0.01845437,1.9534226,0.04703174,0.091872864,1.953371,0.046491358,0.09081487,1.953513,0.009375143,0.018314464,1.9534678,0.016138988,0.031526993,1.9533588,0.04720014,0.092198809,,,,,,,,,,,,,,,,,,,,,,,,,,,,,,,,,,,,,,,,,,,,,,,,,,,,,,,,,,,,,,,,,,,,,
1.9737296,0.045590912,0.089984133,1.9738314,0.015803482,0.031193409,1.9738264,0.009500247,0.018751838,1.9736402,0.045077966,0.088967686,1.9735498,0.045599996,0.089993863,1.9736284,0.015831888,0.031246264,1.97366,0.009247079,0.018250591,1.9735386,0.046803032,0.09236759,1.9734848,0.046264914,0.091303105,1.9736272,0.009160203,0.018078825,1.9735824,0.015923824,0.031426979,1.9734776,0.047014852,0.092782757,,,,,,,,,,,,,,,,,,,,,,,,,,,,,,,,,,,,,,,,,,,,,,,,,,,,,,,,,,,,,,,,,,,,,
1.9938564,0.045285958,0.090293697,1.9939518,0.01557271,0.031051233,1.9939528,0.009288996,0.01852182,1.9937598,0.044788116,0.089296745,1.9936776,0.045346162,0.090405627,1.9937528,0.015606924,0.031116348,1.993788,0.009037617,0.018019092,1.9936634,0.046578978,0.092862804,1.9936066,0.046024612,0.09175497,1.9937512,0.008940023,0.017824182,1.9937046,0.015674632,0.031250586,1.993603,0.046835272,0.093370939,,,,,,,,,,,,,,,,,,,,,,,,,,,,,,,,,,,,,,,,,,,,,,,,,,,,,,,,,,,,,,,,,,,,,
2.0139686,0.04498779,0.090603996,2.0140622,0.015327466,0.03087047,2.0140658,0.009062275,0.018252018,2.0138732,0.04447422,0.08956544,2.0137894,0.045075346,0.090772254,2.013871,0.015357824,0.030928676,2.0139028,0.008808437,0.017739336,2.0137784,0.046327456,0.09329323,2.0137186,0.045792758,0.092213729,2.013865,0.00870336,0.017527392,2.0138176,0.015410346,0.031033626,2.0137138,0.046601088,0.093841254,,,,,,,,,,,,,,,,,,,,,,,,,,,,,,,,,,,,,,,,,,,,,,,,,,,,,,,,,,,,,,,,,,,,,
2.0341632,0.044629548,0.090783784,2.0342584,0.015073936,0.030664281,2.0342582,0.008821133,0.017944461,2.0340668,0.044106632,0.089715836,2.0339836,0.044803746,0.091130085,2.0340676,0.015087088,0.030688157,2.0340962,0.008566672,0.017425434,2.0339796,0.046019114,0.093601939,2.0339178,0.04549768,0.092538541,2.0340616,0.008427724,0.01714251,2.0340122,0.015114126,0.030742317,2.0339096,0.046373618,0.094319747,,,,,,,,,,,,,,,,,,,,,,,,,,,,,,,,,,,,,,,,,,,,,,,,,,,,,,,,,,,,,,,,,,,,,
2.054294,0.044319742,0.09104578,2.054387,0.014772702,0.030348847,2.0543872,0.008555761,0.017576845,2.0542,0.043727742,0.089825528,2.0541164,0.04452746,0.091464586,2.0541978,0.014812468,0.030427739,2.0542262,0.008305457,0.017061288,2.054115,0.045709218,0.09389199,2.0540486,0.045204098,0.092851414,2.0541902,0.008151564,0.016744863,2.054142,0.01481025,0.030422357,2.0540446,0.046104924,0.09470157,,,,,,,,,,,,,,,,,,,,,,,,,,,,,,,,,,,,,,,,,,,,,,,,,,,,,,,,,,,,,,,,,,,,,
2.0744092,0.043946042,0.091162074,2.0745084,0.01446254,0.030002661,2.0745108,0.008267665,0.01715136,2.0743238,0.04331488,0.089849086,2.0742454,0.044226916,0.091737477,2.0743154,0.01449075,0.030058386,2.0743492,0.008000755,0.01659636,2.0742342,0.045450238,0.094274438,2.0741642,0.044963094,0.09326084,2.0743138,0.007853472,0.016290566,2.074265,0.014488716,0.030053436,2.0741682,0.045819078,0.095036475,,,,,,,,,,,,,,,,,,,,,,,,,,,,,,,,,,,,,,,,,,,,,,,,,,,,,,,,,,,,,,,,,,,,,
2.0945014,0.043544672,0.091204376,2.0946042,0.01412701,0.029590494,2.0946058,0.007960916,0.01667498,2.0944276,0.042835636,0.089716138,2.0943394,0.043845846,0.091828083,2.09441,0.014146848,0.0296293,2.0944412,0.007688001,0.016102066,2.094325,0.045206308,0.094676701,2.0942586,0.044663008,0.093535889,2.0944108,0.007516104,0.015741809,2.094368,0.014158998,0.029654152,2.0942618,0.045537694,0.095367853,,,,,,,,,,,,,,,,,,,,,,,,,,,,,,,,,,,,,,,,,,,,,,,,,,,,,,,,,,,,,,,,,,,,,
2.1146796,0.043112278,0.091168655,2.114787,0.013758338,0.029095954,2.114786,0.00761531,0.016104751,2.1146076,0.04234644,0.089546104,2.1145172,0.043433396,0.091840663,2.114589,0.013770302,0.029118529,2.1146218,0.007338616,0.015518398,2.1145066,0.04490871,0.094959764,2.1144428,0.044280392,0.093628356,2.1145904,0.007147768,0.015114602,2.1145482,0.013783062,0.029144949,2.1144438,0.045186656,0.095544645,,,,,,,,,,,,,,,,,,,,,,,,,,,,,,,,,,,,,,,,,,,,,,,,,,,,,,,,,,,,,,,,,,,,,
2.1347918,0.042642542,0.091032949,2.1348976,0.013337802,0.028474841,2.1348982,0.007237667,0.015451682,2.1347182,0.04183484,0.089305594,2.1346252,0.043009872,0.091809957,2.1346954,0.013374796,0.028551115,2.1347322,0.006958911,0.014855411,2.1346118,0.044568596,0.095136651,2.1345486,0.043913332,0.093735141,2.1347008,0.006759635,0.014429797,2.1346558,0.0133719,0.028544404,2.1345588,0.044793394,0.095614133,,,,,,,,,,,,,,,,,,,,,,,,,,,,,,,,,,,,,,,,,,,,,,,,,,,,,,,,,,,,,,,,,,,,,
2.1549132,0.04212537,0.090776516,2.1550186,0.012881522,0.02775992,2.1550204,0.006822741,0.014703146,2.1548412,0.041285784,0.088964308,2.1547496,0.042522356,0.09162503,2.1548164,0.012926262,0.027853721,2.1548552,0.006548426,0.014110909,2.1547272,0.044194258,0.09522657,2.1546704,0.043528936,0.09379051,2.154828,0.006329453,0.013638883,2.1547796,0.012926122,0.027852944,2.1546822,0.044404662,0.095677935,,,,,,,,,,,,,,,,,,,,,,,,,,,,,,,,,,,,,,,,,,,,,,,,,,,,,,,,,,,,,,,,,,,,,
2.1751056,0.0415395,0.090352799,2.1752106,0.01238131,0.026931957,2.1752116,0.006367454,0.013850559,2.1750368,0.040640716,0.088395053,2.174934,0.042079928,0.091521066,2.175009,0.01244216,0.02706181,2.1750478,0.006099114,0.013265864,2.174918,0.043748916,0.095150305,2.1748608,0.04304652,0.093620189,2.1750204,0.005853692,0.012731899,2.1749726,0.012426062,0.027026344,2.1748666,0.043984662,0.095660772,,,,,,,,,,,,,,,,,,,,,,,,,,,,,,,,,,,,,,,,,,,,,,,,,,,,,,,,,,,,,,,,,,,,,
2.1952992,0.040882058,0.089748349,2.1954048,0.011811472,0.025930962,2.195401,0.005860731,0.012866654,2.1952258,0.039929414,0.08765408,2.1951218,0.04155333,0.091214621,2.195204,0.01190717,0.026138667,2.1952396,0.005608702,0.012312444,2.1951154,0.043231492,0.094898114,2.1950526,0.04254478,0.09338803,2.1952104,0.005331084,0.011702852,2.195158,0.011872072,0.026061074,2.1950574,0.043449732,0.095374656,,,,,,,,,,,,,,,,,,,,,,,,,,,,,,,,,,,,,,,,,,,,,,,,,,,,,,,,,,,,,,,,,,,,,
2.2154244,0.040167452,0.088987953,2.2155258,0.011203385,0.024821388,2.2155192,0.005315456,0.011776494,2.2153476,0.039149866,0.086730562,2.2152458,0.040931406,0.090673125,2.2153242,0.011316756,0.025070283,2.2153578,0.005068711,0.011229008,2.2152284,0.042698406,0.094586722,2.2151718,0.042023432,0.093089122,2.2153342,0.004762963,0.010551554,2.2152782,0.011280815,0.024990143,2.2151784,0.042936496,0.095111999,,,,,,,,,,,,,,,,,,,,,,,,,,,,,,,,,,,,,,,,,,,,,,,,,,,,,,,,,,,,,,,,,,,,,
2.2355438,0.039390282,0.088058701,2.2356426,0.010547267,0.023579919,2.235638,0.004713702,0.010538131,2.2354664,0.038311612,0.085644321,2.235366,0.040275994,0.090031588,2.2354456,0.010666612,0.023844631,2.2354734,0.004474712,0.010003099,2.2353452,0.042121936,0.094157067,2.2352916,0.041436452,0.092622553,2.2354544,0.004151076,0.009279542,2.2353966,0.010653423,0.023814625,2.2352986,0.042430936,0.094845812,,,,,,,,,,,,,,,,,,,,,,,,,,,,,,,,,,,,,,,,,,,,,,,,,,,,,,,,,,,,,,,,,,,,,
2.2557244,0.03858033,0.087026592,2.2558224,0.009824883,0.022163191,2.2558162,0.004048717,0.009133161,2.255647,0.037366204,0.084284966,2.2555428,0.039527972,0.089157033,2.2556266,0.009955201,0.022455216,2.2556546,0.00380882,0.008591383,2.2555282,0.04153793,0.093689972,2.2554668,0.040809298,0.092044017,2.255633,0.00348562,0.00786228,2.255572,0.009957184,0.022459146,2.255476,0.041831062,0.094348956,,,,,,,,,,,,,,,,,,,,,,,,,,,,,,,,,,,,,,,,,,,,,,,,,,,,,,,,,,,,,,,,,,,,,
2.2758282,0.037700644,0.085800189,2.2759232,0.009032684,0.020557696,2.275914,0.003335655,0.007591663,2.2757452,0.03638872,0.082811455,2.275644,0.038693088,0.088051694,2.2757274,0.009197662,0.020931371,2.2757542,0.003098059,0.00705042,2.275632,0.040884926,0.093039046,2.2755718,0.040102126,0.091255267,2.275736,0.002750838,0.006260181,2.2756682,0.009209802,0.020958454,2.2755744,0.041149038,0.093637697,,,,,,,,,,,,,,,,,,,,,,,,,,,,,,,,,,,,,,,,,,,,,,,,,,,,,,,,,,,,,,,,,,,,,
2.2959366,0.036732564,0.084335638,2.2960286,0.008170599,0.018759929,2.2960258,0.002538249,0.005827885,2.2958554,0.035356592,0.081173623,2.2957558,0.037797928,0.086774812,2.2958332,0.008349648,0.0191694,2.2958642,0.002310798,0.005305278,2.295733,0.040161296,0.092199613,2.2956798,0.039306022,0.090234041,2.2958494,0.001960391,0.004500762,2.2957774,0.008373842,0.019224477,2.2956814,0.040434602,0.092824964,,,,,,,,,,,,,,,,,,,,,,,,,,,,,,,,,,,,,,,,,,,,,,,,,,,,,,,,,,,,,,,,,,,,,
2.3160438,0.035632104,0.082525514,2.3161392,0.007221076,0.016725018,2.3161408,0.001661271,0.003847737,2.3159634,0.034194272,0.079192682,2.315867,0.036889342,0.08543081,2.3159416,0.007428479,0.017203924,2.3159772,0.001449671,0.003357406,2.3158464,0.039358798,0.091148931,2.3157878,0.0384973,0.089151578,2.315962,0.001082048,0.002505982,2.3158876,0.007473952,0.017308832,2.3157898,0.03963931,0.09179631,,,,,,,,,,,,,,,,,,,,,,,,,,,,,,,,,,,,,,,,,,,,,,,,,,,,,,,,,,,,,,,,,,,,,
2.33623,0.034411098,0.080392239,2.3363316,0.006172678,0.014421423,2.3363312,0.000687626,0.001606522,2.3361534,0.032882788,0.076819237,2.3360556,0.035799488,0.083629594,2.3361302,0.006404212,0.014961074,2.3361688,0.000504813,0.001179328,2.3360358,0.038457102,0.089837167,2.3359672,0.037648558,0.087945797,2.3361498,0.000104916,0.0002451,2.3360784,0.006456703,0.015083364,2.335973,0.038725158,0.090460924,,,,,,,,,,,,,,,,,,,,,,,,,,,,,,,,,,,,,,,,,,,,,,,,,,,,,,,,,,,,,,,,,,,,,
2.3563318,0.03303712,0.077846416,2.356435,0.00501644,0.011820915,2.3564358,-0.000372812,-0.000878508,2.3562582,0.031465932,0.07414186,2.356159,0.034671622,0.081691854,2.3562332,0.005293685,0.012473157,2.3562692,-0.000528669,-0.001245687,2.3561344,0.037462944,0.088267731,2.3560692,0.036675732,0.086410563,2.3562528,-0.000970909,-0.002287707,2.356185,0.00533779,0.01257682,2.3560708,0.037794428,0.089046348,,,,,,,,,,,,,,,,,,,,,,,,,,,,,,,,,,,,,,,,,,,,,,,,,,,,,,,,,,,,,,,,,,,,,
2.3764456,0.03154343,0.074961245,2.376548,0.003733242,0.008872228,2.3765548,-0.001539648,-0.003659057,2.3763738,0.02990433,0.071063866,2.3762716,0.0334194,0.079413571,2.3763474,0.00406222,0.009653247,2.376385,-0.001679143,-0.003990291,2.3762444,0.036397702,0.086489836,2.3761758,0.035575352,0.08453329,2.3763642,-0.002139075,-0.005083222,2.3763042,0.004106668,0.009758691,2.3761858,0.036773458,0.087380569,,,,,,,,,,,,,,,,,,,,,,,,,,,,,,,,,,,,,,,,,,,,,,,,,,,,,,,,,,,,,,,,,,,,,
2.3964998,0.02994204,0.071756093,2.3966076,0.002321502,0.00556373,2.3966086,-0.002827154,-0.006775582,2.396427,0.028195688,0.067568908,2.3963278,0.032038066,0.076773708,2.3964016,0.002728575,0.006538763,2.396437,-0.002945034,-0.007057589,2.3962988,0.03522518,0.084410057,2.3962286,0.03440613,0.082444953,2.3964176,-0.003415737,-0.008185531,2.3963582,0.002781594,0.006665695,2.3962358,0.03565835,0.085445815,,,,,,,,,,,,,,,,,,,,,,,,,,,,,,,,,,,,,,,,,,,,,,,,,,,,,,,,,,,,,,,,,,,,,
2.4166864,0.028227646,0.068217368,2.4167966,0.000756964,0.001829428,2.416794,-0.004261378,-0.010298872,2.416621,0.02631348,0.063589708,2.416512,0.030490844,0.07368149,2.4165928,0.001244089,0.003006457,2.4166252,-0.004346713,-0.010504377,2.4164838,0.033954758,0.082051123,2.4164136,0.03310122,0.079986238,2.4166022,-0.004831377,-0.011675516,2.4165488,0.00129942,0.003140112,2.416424,0.034383836,0.083085927,,,,,,,,,,,,,,,,,,,,,,,,,,,,,,,,,,,,,,,,,,,,,,,,,,,,,,,,,,,,,,,,,,,,,
2.436809,0.026346412,0.064201174,2.4369152,-0.000947902,-0.002309956,2.4369116,-0.005834933,-0.014219215,2.4367412,0.024292844,0.059195374,2.4366296,0.028872806,0.070352334,2.4367114,-0.000382751,-0.000932654,2.436744,-0.00587832,-0.014323962,2.4366002,0.032622204,0.079487269,2.436535,0.031627052,0.077060419,2.4367196,-0.006384832,-0.015558045,2.4366714,-0.000312143,-0.000760591,2.4365384,0.03303311,0.080486441,,,,,,,,,,,,,,,,,,,,,,,,,,,,,,,,,,,,,,,,,,,,,,,,,,,,,,,,,,,,,,,,,,,,,
2.4569282,0.024258484,0.059601353,2.4570374,-0.002819747,-0.006928223,2.45703,-0.007564946,-0.0185873,2.4568622,0.02208297,0.054254814,2.4567442,0.027031138,0.066408592,2.4568324,-0.002164496,-0.005317805,2.4568632,-0.007557544,-0.018567852,2.4567174,0.03110976,0.076427889,2.4566524,0.03000724,0.073717358,2.4568364,-0.008092541,-0.01988205,2.456792,-0.002073216,-0.005093461,2.4566582,0.03151287,0.07741635,,,,,,,,,,,,,,,,,,,,,,,,,,,,,,,,,,,,,,,,,,,,,,,,,,,,,,,,,,,,,,,,,,,,,
2.4771148,0.021928664,0.054319818,2.477226,-0.004893501,-0.012122308,2.4772122,-0.009491102,-0.023511473,2.4770492,0.019669116,0.048721368,2.4769288,0.024992996,0.061905872,2.4770198,-0.004128072,-0.010225315,2.477047,-0.009413961,-0.023318824,2.4769012,0.02942336,0.072878756,2.47684,0.028271394,0.07002372,2.4770234,-0.009984789,-0.024732555,2.4769786,-0.004035622,-0.009996149,2.4768436,0.029841316,0.073912273,,,,,,,,,,,,,,,,,,,,,,,,,,,,,,,,,,,,,,,,,,,,,,,,,,,,,,,,,,,,,,,,,,,,,
2.4973758,0.019325932,0.048264115,2.4974834,-0.007195585,-0.017970853,2.497469,-0.011610018,-0.028995659,2.4973074,0.017004606,0.042465728,2.4971866,0.022793798,0.056920367,2.4972824,-0.006322465,-0.015788981,2.4973068,-0.011464461,-0.028630277,2.4971606,0.027547366,0.068790197,2.4970998,0.026389094,0.065896201,2.4972802,-0.012082499,-0.030173385,2.4972396,-0.006207164,-0.015500775,2.4971016,0.027993652,0.069902993,,,,,,,,,,,,,,,,,,,,,,,,,,,,,,,,,,,,,,,,,,,,,,,,,,,,,,,,,,,,,,,,,,,,,
2.5175,0.016469148,0.04146108,2.5176044,-0.009707878,-0.024440597,2.5175878,-0.013929445,-0.035068601,2.5174272,0.014097738,0.03549003,2.5173104,0.02039209,0.05133322,2.5174024,-0.008713573,-0.021935571,2.5174256,-0.013728675,-0.034560919,2.5172802,0.025462222,0.064095547,2.517217,0.024318068,0.061213854,2.5173994,-0.014374091,-0.036185329,2.5173578,-0.008584685,-0.021610723,2.5172184,0.026021132,0.065500872,,,,,,,,,,,,,,,,,,,,,,,,,,,,,,,,,,,,,,,,,,,,,,,,,,,,,,,,,,,,,,,,,,,,,
2.537613,0.013338701,0.033848461,2.5377178,-0.01246634,-0.031636054,2.5376974,-0.016480062,-0.04182141,2.5375422,0.0109043,0.027670122,2.5374252,0.017720118,0.044963474,2.5375158,-0.011354685,-0.028812692,2.5375386,-0.016216854,-0.041150893,2.537394,0.023213596,0.058902039,2.537328,0.022016432,0.055862909,2.5375124,-0.016899262,-0.042882087,2.5374708,-0.0112118,-0.028449616,2.5373326,0.023874288,0.060577009,,,,,,,,,,,,,,,,,,,,,,,,,,,,,,,,,,,,,,,,,,,,,,,,,,,,,,,,,,,,,,,,,,,,,
2.5578134,0.009956616,0.025467166,2.5579124,-0.015527364,-0.039717636,2.5578942,-0.019319066,-0.049416127,2.5577388,0.007328418,0.018744178,2.5576258,0.014794591,0.037839028,2.557713,-0.014278585,-0.036520523,2.5577358,-0.01896497,-0.048507383,2.5575912,0.020713918,0.052977734,2.5575262,0.019488568,0.049842523,2.5577098,-0.019689124,-0.050359065,2.5576666,-0.014128568,-0.036136166,2.5575254,0.021456996,0.054876812,,,,,,,,,,,,,,,,,,,,,,,,,,,,,,,,,,,,,,,,,,,,,,,,,,,,,,,,,,,,,,,,,,,,,
2.5779424,0.006282067,0.016194807,2.5780386,-0.018889838,-0.048698732,2.5780186,-0.02243668,-0.057842178,2.5778702,0.003443813,0.008877703,2.577751,0.011600291,0.029902662,2.5778432,-0.017487044,-0.045078857,2.5778606,-0.021980992,-0.056663933,2.5777172,0.01805542,0.046541767,2.5776508,0.016674232,0.042980347,2.5778366,-0.022749824,-0.058645329,2.5777914,-0.017293572,-0.044579221,2.577648,0.01882778,0.048531389,,,,,,,,,,,,,,,,,,,,,,,,,,,,,,,,,,,,,,,,,,,,,,,,,,,,,,,,,,,,,,,,,,,,,
2.5980688,0.002240133,0.00582002,2.5981636,-0.022576112,-0.058656432,2.5981424,-0.025874246,-0.067224976,2.5980008,-0.000791849,-0.002057224,2.5978706,0.00803453,0.020872669,2.5979676,-0.02099818,-0.054552591,2.597985,-0.025307794,-0.065749269,2.5978382,0.015132384,0.039311486,2.59777,0.013594269,0.035314785,2.597958,-0.026124204,-0.067869585,2.597915,-0.020778324,-0.05398032,2.5977712,0.015939282,0.041406609,,,,,,,,,,,,,,,,,,,,,,,,,,,,,,,,,,,,,,,,,,,,,,,,,,,,,,,,,,,,,,,,,,,,,
2.6181192,-0.002205403,-0.005774007,2.6182078,-0.026622464,-0.069703143,2.618186,-0.029641824,-0.077607809,2.6180504,-0.005373183,-0.014067265,2.617916,0.004123062,0.010793831,2.618013,-0.024856116,-0.065073635,2.6180316,-0.028951552,-0.075796078,2.6178814,0.011929568,0.031230194,2.6178162,0.010224274,0.026765271,2.618,-0.02982335,-0.07807753,2.617962,-0.024589734,-0.064374989,2.6178166,0.012697382,0.033239417,,,,,,,,,,,,,,,,,,,,,,,,,,,,,,,,,,,,,,,,,,,,,,,,,,,,,,,,,,,,,,,,,,,,,
2.6383084,-0.007151148,-0.018866933,2.638394,-0.03114125,-0.082162887,2.6383688,-0.033831238,-0.089259283,2.6382408,-0.010473529,-0.027631693,2.6381022,-0.00020002,-0.000527673,2.6381978,-0.029139432,-0.076875585,2.6382144,-0.032999038,-0.087058537,2.63806,0.008323135,0.021956928,2.638001,0.00646548,0.017055942,2.6381814,-0.03392717,-0.089506029,2.6381444,-0.028795648,-0.075967078,2.6379964,0.00909584,0.023994793,,,,,,,,,,,,,,,,,,,,,,,,,,,,,,,,,,,,,,,,,,,,,,,,,,,,,,,,,,,,,,,,,,,,,
2.6584316,-0.012560897,-0.033392286,2.6585132,-0.036078676,-0.095915636,2.6584838,-0.038423912,-0.102149348,2.6583626,-0.015986965,-0.042499149,2.6582198,-0.004935917,-0.013120752,2.6583186,-0.033837032,-0.089949612,2.6583298,-0.037449406,-0.099552872,2.6581764,0.004380588,0.011644375,2.6581174,0.002300953,0.006116203,2.6582962,-0.038433644,-0.10216801,2.6582612,-0.033413464,-0.088821715,2.6581136,0.005197779,0.013816287,,,,,,,,,,,,,,,,,,,,,,,,,,,,,,,,,,,,,,,,,,,,,,,,,,,,,,,,,,,,,,,,,,,,,
2.6785748,-0.018472786,-0.049480739,2.6786526,-0.041483278,-0.11111929,2.6786222,-0.04347516,-0.116453529,2.6785054,-0.022043986,-0.059044936,2.678366,-0.010163669,-0.027222025,2.6784578,-0.03901228,-0.104492746,2.6784692,-0.042340626,-0.113408063,2.6783134,-5.63E-07,-1.51E-06,2.6782574,-0.002223763,-0.00595581,2.678431,-0.043390252,-0.116217796,2.6784024,-0.038515706,-0.103160559,2.6782524,0.000960065,0.002571297,,,,,,,,,,,,,,,,,,,,,,,,,,,,,,,,,,,,,,,,,,,,,,,,,,,,,,,,,,,,,,,,,,,,,
2.6987878,-0.024945012,-0.067321294,2.6988604,-0.047424594,-0.127992359,2.6988278,-0.049024438,-0.132308516,2.6987176,-0.028706396,-0.077470456,2.6985812,-0.015868518,-0.042822484,2.6986674,-0.044706436,-0.120647801,2.6986754,-0.047728118,-0.128802698,2.6985218,-0.004823083,-0.013015196,2.6984672,-0.007190286,-0.019402752,2.6986394,-0.048854144,-0.131839718,2.6986108,-0.044120742,-0.119064711,2.6984608,-0.003777913,-0.01019455,,,,,,,,,,,,,,,,,,,,,,,,,,,,,,,,,,,,,,,,,,,,,,,,,,,,,,,,,,,,,,,,,,,,,
2.7190754,-0.031988958,-0.086980389,2.7191466,-0.053936858,-0.146662224,2.7191086,-0.055125128,-0.14989121,2.7190062,-0.036005854,-0.09790014,2.7188662,-0.022116148,-0.060130848,2.718952,-0.05094716,-0.138522883,2.7189576,-0.05364395,-0.145855626,2.718806,-0.010106497,-0.027477604,2.7187484,-0.012714101,-0.034566442,2.7189222,-0.054853526,-0.14914247,2.7188944,-0.05027304,-0.136687087,2.718742,-0.008974919,-0.024400488,,,,,,,,,,,,,,,,,,,,,,,,,,,,,,,,,,,,,,,,,,,,,,,,,,,,,,,,,,,,,,,,,,,,,
2.7392312,-0.039590494,-0.108447516,2.7392986,-0.060996432,-0.167087441,2.7392634,-0.061755832,-0.16916549,2.7391608,-0.0438458,-0.120100697,2.73902,-0.028900766,-0.079159776,2.7391064,-0.057724266,-0.158112906,2.7391102,-0.060095394,-0.164607907,2.7389586,-0.01587654,-0.043485185,2.7388996,-0.018734009,-0.051310569,2.7390748,-0.061378494,-0.168120286,2.7390474,-0.0569532,-0.155997514,2.7388934,-0.014673763,-0.040189872,,,,,,,,,,,,,,,,,,,,,,,,,,,,,,,,,,,,,,,,,,,,,,,,,,,,,,,,,,,,,,,,,,,,,
2.7593918,-0.04787931,-0.132117775,2.7594554,-0.068686396,-0.189537046,2.7594194,-0.068984218,-0.190356389,2.7593256,-0.052315646,-0.144355901,2.7591776,-0.036308908,-0.100182726,2.7592598,-0.065115056,-0.179669356,2.7592678,-0.067149894,-0.18528454,2.7591094,-0.022172763,-0.061177078,2.7590522,-0.025251004,-0.069668838,2.7592318,-0.068506892,-0.189026395,2.7592054,-0.064229478,-0.177222323,2.7590452,-0.020918749,-0.057715775,,,,,,,,,,,,,,,,,,,,,,,,,,,,,,,,,,,,,,,,,,,,,,,,,,,,,,,,,,,,,,,,,,,,,
2.7796116,-0.05688325,-0.158113342,2.779671,-0.077076614,-0.214247629,2.7796336,-0.07687125,-0.213673909,2.7795446,-0.06152118,-0.171000864,2.779389,-0.044352604,-0.12327314,2.7794724,-0.073175978,-0.203390611,2.7794826,-0.07486453,-0.208084658,2.7793208,-0.029124322,-0.080945834,2.7792606,-0.032416544,-0.090094024,2.7794478,-0.076299918,-0.212071639,2.7794194,-0.072165396,-0.200577902,2.7792548,-0.027834896,-0.077360268,,,,,,,,,,,,,,,,,,,,,,,,,,,,,,,,,,,,,,,,,,,,,,,,,,,,,,,,,,,,,,,,,,,,,
2.7997496,-0.066529268,-0.186265291,2.7994632,-0.085994378,-0.240738097,2.7997698,-0.085406868,-0.23911957,2.7996866,-0.071417166,-0.199945683,2.7995244,-0.053119702,-0.148709902,2.799609,-0.081898688,-0.229284304,2.7996188,-0.083219558,-0.232983039,2.799454,-0.036657766,-0.10262173,2.7993916,-0.040278258,-0.112754617,2.799584,-0.084738878,-0.237233607,2.7995582,-0.080762724,-0.226099946,2.7993856,-0.03530627,-0.098835864,,,,,,,,,,,,,,,,,,,,,,,,,,,,,,,,,,,,,,,,,,,,,,,,,,,,,,,,,,,,,,,,,,,,,
2.819902,-0.07691771,-0.216900404,2.8152488,-0.093394932,-0.26292997,2.8161924,-0.09273676,-0.261164559,2.8198006,-0.082050222,-0.231365265,2.8196774,-0.062596688,-0.176502466,2.8171928,-0.090003514,-0.253557252,2.8170596,-0.090914002,-0.256110162,2.8195982,-0.04486661,-0.126505813,2.8195386,-0.048784984,-0.137551145,2.8163622,-0.09216325,-0.259565094,2.8177302,-0.089039126,-0.250888234,2.819531,-0.043419264,-0.122421961,,,,,,,,,,,,,,,,,,,,,,,,,,,,,,,,,,,,,,,,,,,,,,,,,,,,,,,,,,,,,,,,,,,,,
2.837876,-0.08670136,-0.246047709,2.8270182,-0.099125582,-0.280229824,2.828594,-0.098502766,-0.278624333,2.8359,-0.090891116,-0.257758116,2.8397714,-0.072765526,-0.20663746,2.830759,-0.096515176,-0.273211203,2.8304842,-0.097081808,-0.274788524,2.8396894,-0.05379815,-0.152770036,2.8396294,-0.057984298,-0.164653917,2.8291236,-0.098047878,-0.277389566,2.831885,-0.095758438,-0.271176884,2.8396184,-0.052206026,-0.148245192,,,,,,,,,,,,,,,,,,,,,,,,,,,,,,,,,,,,,,,,,,,,,,,,,,,,,,,,,,,,,,,,,,,,,
2.8518294,-0.094551808,-0.269645626,2.8347266,-0.103054146,-0.292130329,2.836978,-0.102573214,-0.290997952,2.8479754,-0.09778537,-0.278490328,2.8591036,-0.0832857,-0.238122445,2.8403078,-0.10129352,-0.287704775,2.8398892,-0.101584486,-0.288488685,2.8599158,-0.063529606,-0.181689324,2.8598558,-0.068024924,-0.194541473,2.8378646,-0.102254082,-0.29018324,2.8420202,-0.10076185,-0.286367213,2.8598412,-0.061837396,-0.176845133,,,,,,,,,,,,,,,,,,,,,,,,,,,,,,,,,,,,,,,,,,,,,,,,,,,,,,,,,,,,,,,,,,,,,
2.8616944,-0.100297342,-0.287020342,2.838325,-0.1050036,-0.298034343,2.8412558,-0.10477916,-0.297704396,2.8559596,-0.10252575,-0.2928094,2.8743552,-0.091932328,-0.264246165,2.845722,-0.10416168,-0.296415184,2.8451692,-0.10426492,-0.296651339,2.8800656,-0.073995932,-0.213113138,2.880008,-0.078778032,-0.226881362,2.8424734,-0.10460928,-0.297349096,2.8480272,-0.103881698,-0.295857901,2.87999,-0.072215442,-0.207979751,,,,,,,,,,,,,,,,,,,,,,,,,,,,,,,,,,,,,,,,,,,,,,,,,,,,,,,,,,,,,,,,,,,,,
2.8674684,-0.103837572,-0.297750956,2.8382312,-0.1050036,-0.298024494,2.841466,-0.1050033,-0.298363307,2.8598726,-0.10497042,-0.300202028,2.8855972,-0.098505696,-0.284247761,2.8470856,-0.10500168,-0.298948771,2.8463902,-0.10500168,-0.298875753,2.8987508,-0.084386444,-0.244615272,2.8969326,-0.088319074,-0.255854405,2.8430418,-0.10500142,-0.298523426,2.8499774,-0.1050013,-0.299251332,2.899244,-0.082913938,-0.240387737,,,,,,,,,,,,,,,,,,,,,,,,,,,,,,,,,,,,,,,,,,,,,,,,,,,,,,,,,,,,,,,,,,,,,
2.8691742,-0.1050037,-0.301273907,2.838092,-0.10500362,-0.298009934,2.8413664,-0.10500332,-0.298352905,2.8597654,-0.10500292,-0.300283718,2.8928124,-0.102904024,-0.297682037,2.8469628,-0.1050017,-0.298935934,2.8462526,-0.10500168,-0.298861305,2.9134192,-0.092856876,-0.270531005,2.90984,-0.095887678,-0.279017801,2.842928,-0.10500144,-0.298511534,2.849873,-0.1050013,-0.29924037,2.9144788,-0.09170108,-0.267260854,,,,,,,,,,,,,,,,,,,,,,,,,,,,,,,,,,,,,,,,,,,,,,,,,,,,,,,,,,,,,,,,,,,,,
2.8690302,-0.10500368,-0.301258729,2.8379024,-0.10500362,-0.297990025,2.841228,-0.10500332,-0.298338373,2.8596354,-0.10500292,-0.300270067,2.8960098,-0.10500202,-0.304086879,2.8467974,-0.1050017,-0.298918567,2.8460914,-0.10500168,-0.298844378,2.9241272,-0.099236392,-0.290179833,2.9187858,-0.101315102,-0.295717081,2.842786,-0.10500144,-0.298496624,2.8497242,-0.1050013,-0.299224746,2.9257574,-0.09847177,-0.28810451,,,,,,,,,,,,,,,,,,,,,,,,,,,,,,,,,,,,,,,,,,,,,,,,,,,,,,,,,,,,,,,,,,,,,
2.8688762,-0.10500368,-0.301242558,2.8377178,-0.10500362,-0.297970642,2.8410408,-0.10500332,-0.298318716,2.8594806,-0.10500292,-0.300253813,2.8958832,-0.10500202,-0.304073586,2.8465904,-0.10500166,-0.298896717,2.845898,-0.10500168,-0.298824071,2.9306118,-0.103325006,-0.302805482,2.9235506,-0.10437652,-0.305150038,2.8426154,-0.10500146,-0.298478767,2.849543,-0.1050013,-0.299205719,2.932843,-0.102933884,-0.301888921,,,,,,,,,,,,,,,,,,,,,,,,,,,,,,,,,,,,,,,,,,,,,,,,,,,,,,,,,,,,,,,,,,,,,
2.86867,-0.1050036,-0.301220677,2.837484,-0.1050036,-0.297946035,2.840872,-0.1050033,-0.298300935,2.859293,-0.1050029,-0.300234057,2.895763,-0.105002,-0.304060907,2.846392,-0.1050017,-0.298875999,2.845713,-0.1050017,-0.298804703,2.933226,-0.105002,-0.307994596,2.924362,-0.1050014,-0.307062104,2.842453,-0.1050014,-0.298461544,2.849363,-0.1050013,-0.299186819,2.935995,-0.1050015,-0.308283879,,,,,,,,,,,,,,,,,,,,,,,,,,,,,,,,,,,,,,,,,,,,,,,,,,,,,,,,,,,,,,,,,,,,,
2.86862,-0.1050037,-0.301215714,2.837296,-0.1050036,-0.297926294,2.840628,-0.1050033,-0.298275314,2.859169,-0.1050029,-0.300221037,2.895426,-0.105002,-0.304025521,2.846184,-0.1050016,-0.298853874,2.845552,-0.1050017,-0.298787797,2.932875,-0.105002,-0.307957741,2.924215,-0.1050014,-0.307046669,2.84231,-0.1050015,-0.298446813,2.849201,-0.1050013,-0.299169809,2.935801,-0.1050015,-0.308263509,,,,,,,,,,,,,,,,,,,,,,,,,,,,,,,,,,,,,,,,,,,,,,,,,,,,,,,,,,,,,,,,,,,,,
,,,,,,,,,,,,,,,,,,,,,,,,,,,,,,,,,,,,,,,,,,,,,,,,,,,,,,,,,,,,,,,,,,,,,,,,,,,,,,,,,,,,,,,,,,,,,,,,,,,,,,,,
,,,,,,,,,,,,,,,,,,,,,,,,,,,,,,,,,,,,,,,,,,,,,,,,,,,,,,,,,,,,,,,,,,,,,,,,,,,,,,,,,,,,,,,,,,,,,,,,,,,,,,,,
,,,,,,,,,,,,,,,,,,,,,,,,,,,,,,,,,,,,,,,,,,,,,,,,,,,,,,,,,,,,,,,,,,,,,,,,,,,,,,,,,,,,,,,,,,,,,,,,,,,,,,,,
,,,,,,,,,,,,,,,,,,,,,,,,,,,,,,,,,,,,,,,,,,,,,,,,,,,,,,,,,,,,,,,,,,,,,,,,,,,,,,,,,,,,,,,,,,,,,,,,,,,,,,,,
,,,,,,,,,,,,,,,,,,,,,,,,,,,,,,,,,,,,,,,,,,,,,,,,,,,,,,,,,,,,,,,,,,,,,,,,,,,,,,,,,,,,,,,,,,,,,,,,,,,,,,,,
,,,,,,,,,,,,,,,,,,,,,,,,,,,,,,,,,,,,,,,,,,,,,,,,,,,,,,,,,,,,,,,,,,,,,,,,,,,,,,,,,,,,,,,,,,,,,,,,,,,,,,,,
,,,,,,,,,,,,,,,,,,,,,,,,,,,,,,,,,,,,,,,,,,,,,,,,,,,,,,,,,,,,,,,,,,,,,,,,,,,,,,,,,,,,,,,,,,,,,,,,,,,,,,,,
,,,,,,,,,,,,,,,,,,,,,,,,,,,,,,,,,,,,,,,,,,,,,,,,,,,,,,,,,,,,,,,,,,,,,,,,,,,,,,,,,,,,,,,,,,,,,,,,,,,,,,,,
,,,,,,,,,,,,,,,,,,,,,,,,,,,,,,,,,,,,,,,,,,,,,,,,,,,,,,,,,,,,,,,,,,,,,,,,,,,,,,,,,,,,,,,,,,,,,,,,,,,,,,,,
,,,,,,,,,,,,,,,,,,,,,,,,,,,,,,,,,,,,,,,,,,,,,,,,,,,,,,,,,,,,,,,,,,,,,,,,,,,,,,,,,,,,,,,,,,,,,,,,,,,,,,,,
,,,,,,,,,,,,,,,,,,,,,,,,,,,,,,,,,,,,,,,,,,,,,,,,,,,,,,,,,,,,,,,,,,,,,,,,,,,,,,,,,,,,,,,,,,,,,,,,,,,,,,,,
,,,,,,,,,,,,,,,,,,,,,,,,,,,,,,,,,,,,,,,,,,,,,,,,,,,,,,,,,,,,,,,,,,,,,,,,,,,,,,,,,,,,,,,,,,,,,,,,,,,,,,,,
,,,,,,,,,,,,,,,,,,,,,,,,,,,,,,,,,,,,,,,,,,,,,,,,,,,,,,,,,,,,,,,,,,,,,,,,,,,,,,,,,,,,,,,,,,,,,,,,,,,,,,,,
,,,,,,,,,,,,,,,,,,,,,,,,,,,,,,,,,,,,,,,,,,,,,,,,,,,,,,,,,,,,,,,,,,,,,,,,,,,,,,,,,,,,,,,,,,,,,,,,,,,,,,,,
,,,,,,,,,,,,,,,,,,,,,,,,,,,,,,,,,,,,,,,,,,,,,,,,,,,,,,,,,,,,,,,,,,,,,,,,,,,,,,,,,,,,,,,,,,,,,,,,,,,,,,,,
,,,,,,,,,,,,,,,,,,,,,,,,,,,,,,,,,,,,,,,,,,,,,,,,,,,,,,,,,,,,,,,,,,,,,,,,,,,,,,,,,,,,,,,,,,,,,,,,,,,,,,,,
